ქალაქი,"ID ქალაქი",სკოლა,"ID სკოლა"
აბაშა,5,1,1
აბაშა,5,2,2
აბაშა,5,"განათლების კარი",3
აბაშა,5,გეზათის,4
აბაშა,5,ეწერის,5
აბაშა,5,ზანათის,6
აბაშა,5,კეთილარის,7
აბაშა,5,კვათანის,8
აბაშა,5,მაიდნის,9
აბაშა,5,მაცხოვრისკარის,10
აბაშა,5,"პირველი მაისის",11
აბაშა,5,სეფიეთის,12
აბაშა,5,სუჯუნის,13
აბაშა,5,ქოლობნის,14
აბაშა,5,"ძველი აბაშის",15
აბაშა,5,წყემის,16
აბაშა,5,მარნის,17
აბაშა,5,ნაესაკოვოს,18
აბაშა,5,ნოღოხაშის,19
აბაშა,5,ონტოფოს,20
აბაშა,5,საგვაზავოს,21
აბაშა,5,სამიქაოს,22
აბაშა,5,ტყვირის,23
ადიგენი,6,2,24
ადიგენი,6,აბასთუმნის,25
ადიგენი,6,არალის,26
ადიგენი,6,არლის,27
ადიგენი,6,ბენარის,28
ადიგენი,6,გომაროს,29
ადიგენი,6,"დაბა აბასთუმნის",30
ადიგენი,6,"დაბა ადიგენის",31
ადიგენი,6,"დიდი სმადის",32
ადიგენი,6,ვარხანის,33
ადიგენი,6,ზანავის,34
ადიგენი,6,იმერთუბნის,35
ადიგენი,6,კახარეთის,36
ადიგენი,6,ლელოვნის,37
ადიგენი,6,მოხის,38
ადიგენი,6,სმადის,39
ადიგენი,6,"უდის 1",40
ადიგენი,6,"უდის 2",41
ადიგენი,6,ღორძის,42
ადიგენი,6,წახანის,43
ადიგენი,6,ხევაშენის,44
ადიგენი,6,ჯახარეთის,45
ამბროლაური,7,2,46
ამბროლაური,7,ბუგეულის,47
ამბროლაური,7,"მეორე ტოლის",48
ამბროლაური,7,ჭრებალოს,49
ასპინძა,8,1,50
ასპინძა,8,"დაბა ასპინძის",51
ასპინძა,8,ზველის,52
ასპინძა,8,იდუმალის,53
ასპინძა,8,ივერიის,54
ასპინძა,8,მირაშხანის,55
ასპინძა,8,ნაქალაქევის,56
ასპინძა,8,ოთის,57
ასპინძა,8,ორგორის,58
ასპინძა,8,ოშორის,59
ასპინძა,8,რუსთავის,60
ასპინძა,8,საროს,61
ასპინძა,8,"სოფელ რუსთავის",62
ასპინძა,8,ტოლოშის,63
ასპინძა,8,ჭობარეთის,64
ასპინძა,8,ხერთვისის,65
ასპინძა,8,ხიზაბავრის,66
ახალქალაქი,9,2,67
ახალქალაქი,9,3,68
ახალქალაქი,9,4,69
ახალქალაქი,9,გოგაშენის,70
ახალქალაქი,9,"ილია ჭავჭავაძის",71
ახალქალაქი,9,"ოკამის 1",72
ახალქალაქი,9,საჯარო,73
ახალქალაქი,9,ხულგუმოს,74
ახალციხე,10,1,75
ახალციხე,10,2,76
ახალციხე,10,3,77
ახალციხე,10,4,78
ახალციხე,10,5,79
ახალციხე,10,6,80
ახალციხე,10,"ანდრია პირველწოდებულის",81
ახალციხე,10,ანდრიაწმინდის,82
ახალციხე,10,ანის,83
ახალციხე,10,არლის,84
ახალციხე,10,ასპინძის,85
ახალციხე,10,აწყურის,86
ახალციხე,10,ბენარის,87
ახალციხე,10,გურკელის,88
ახალციხე,10,"დიდი პამაჯის",89
ახალციხე,10,"დიდი ჰამაჯის",90
ახალციხე,10,"ვალეს 1",91
ახალციხე,10,"ვალეს 2",92
ახალციხე,10,"ვალეს 3",93
ახალციხე,10,ვარხანის,94
ახალციხე,10,ზარზმის,95
ახალციხე,10,ზიკილიის,96
ახალციხე,10,თისელის,97
ახალციხე,10,კლდის,98
ახალციხე,10,ლელოვნის,99
ახალციხე,10,მზექა,100
ახალციხე,10,მინაძის,101
ახალციხე,10,მუსხის,102
ახალციხე,10,საყუნეთის,103
ახალციხე,10,სვირის,104
ახალციხე,10,სხვილისის,105
ახალციხე,10,ურავლის,106
ახალციხე,10,ურვალის,107
ახალციხე,10,ფერსის,108
ახალციხე,10,ღრელის,109
ახალციხე,10,წინუბნის,110
ახალციხე,10,წნისის,111
ახალციხე,10,წყალთბილის,112
ახალციხე,10,ჭვინთის,113
ახალციხე,10,ჭობისხევის,114
ახალციხე,10,ხეოთის,115
ახალციხე,10,ხერხემის,116
ახმეტა,11,1,117
ახმეტა,11,2,118
ახმეტა,11,3,119
ახმეტა,11,"არგოხის საბაზო",120
ახმეტა,11,აწყურის,121
ახმეტა,11,დუისის,122
ახმეტა,11,"ზემო ალვნის 1",123
ახმეტა,11,"ზემო ალვნის 2",124
ახმეტა,11,მატნის,125
ახმეტა,11,"მატნის 2",126
ახმეტა,11,მაღრაანის,127
ახმეტა,11,ნადუქნარის,128
ახმეტა,11,ოჟიოს,129
ახმეტა,11,საკობიანოს,130
ახმეტა,11,"ქვემო ალვანის",131
ახმეტა,11,ქისტაურის,132
ახმეტა,11,ყვარელწყლის,133
ახმეტა,11,ხორხელის,134
ბათუმი,3,1,135
ბათუმი,3,2,136
ბათუმი,3,3,137
ბათუმი,3,4,138
ბათუმი,3,5,139
ბათუმი,3,6,140
ბათუმი,3,7,141
ბათუმი,3,8,142
ბათუმი,3,9,143
ბათუმი,3,10,144
ბათუმი,3,11,145
ბათუმი,3,13,146
ბათუმი,3,14,147
ბათუმი,3,15,148
ბათუმი,3,16,149
ბათუმი,3,17,150
ბათუმი,3,18,151
ბათუმი,3,20,152
ბათუმი,3,21,153
ბათუმი,3,22,154
ბათუმი,3,23,155
ბათუმი,3,25,156
ბათუმი,3,26,157
ბათუმი,3,27,158
ბათუმი,3,28,159
ბათუმი,3,29,160
ბათუმი,3,30,161
ბათუმი,3,31,162
ბათუმი,3,"21 საუკუნე",163
ბათუმი,3,აიენტი,164
ბათუმი,3,"ანდრია პირველწოდებულის",165
ბათუმი,3,არილი,166
ბათუმი,3,"ასლან შაინიძის",167
ბათუმი,3,აჭარისწყლის,168
ბათუმი,3,"ახალ ლიის საჯარო",169
ბათუმი,3,ახალსოფლის,170
ბათუმი,3,"ახალშენის 1",171
ბათუმი,3,"ახალშენის 2",172
ბათუმი,3,ახოს,173
ბათუმი,3,"ბავშვთა სახლი",174
ბათუმი,3,ბენზეს,175
ბათუმი,3,განათლება,176
ბათუმი,3,განთიადის,177
ბათუმი,3,გიმნაზია,178
ბათუმი,3,გორდა,179
ბათუმი,3,"გრიგოლ ხანძთელის",180
ბათუმი,3,"დაბა შუახევის",181
ბათუმი,3,"დავით აღმაშენებლის გიმნაზია",182
ბათუმი,3,"ევრო 2000",183
ბათუმი,3,ერგეს,184
ბათუმი,3,"ზედა აჭყვას",185
ბათუმი,3,"ზედა ახალშენის",186
ბათუმი,3,"ზედა განთიადის",187
ბათუმი,3,"ზედა თხილნარის",188
ბათუმი,3,"ზედა კირნათის",189
ბათუმი,3,"ზედა ჩხუტუნეთის",190
ბათუმი,3,"ზემო ახალშენის",191
ბათუმი,3,"ზემო წინსვლის",192
ბათუმი,3,"თაობა 21",193
ბათუმი,3,"თხილნარის 1",194
ბათუმი,3,იბერია,195
ბათუმი,3,იმედი,196
ბათუმი,3,იუჯი,197
ბათუმი,3,"კავკასიის ბიზნეს სკოლა",198
ბათუმი,3,კირნათის,199
ბათუმი,3,ლიცეუმი,200
ბათუმი,3,მარადიდის,201
ბათუმი,3,მასტერკლასი,202
ბათუმი,3,"მატათა მოციქულის",203
ბათუმი,3,მახინჯაურის,204
ბათუმი,3,მეგა,205
ბათუმი,3,"მედიანა 2011",206
ბათუმი,3,"მერაბ ჭელიძის",207
ბათუმი,3,მერისის,208
ბათუმი,3,მომავლის,209
ბათუმი,3,მონპარნასი,210
ბათუმი,3,ნერგები,211
ბათუმი,3,ნიგაზეულის,212
ბათუმი,3,ნიკე,213
ბათუმი,3,ორთაბათუმის,214
ბათუმი,3,პანსიონი,215
ბათუმი,3,პბს,216
ბათუმი,3,"სალიბაურის 1",217
ბათუმი,3,"სალიბაურის 2",218
ბათუმი,3,"სარფის საჯარო",219
ბათუმი,3,სასულიერო,220
ბათუმი,3,"ტბელ აბუსერიძის",221
ბათუმი,3,ტუნაძეების,222
ბათუმი,3,ფერიის,223
ბათუმი,3,ფიზიკა-მათემატიკური,224
ბათუმი,3,"ფრანგული სკოლა",225
ბათუმი,3,ქართულ-ამერიკული,226
ბათუმი,3,ქედქედის,227
ბათუმი,3,"ქვედა ახალშენის",228
ბათუმი,3,"ქვედა მახოს საჯარო",229
ბათუმი,3,"ქვემო ახალშენის",230
ბათუმი,3,ყოროლისთავის,231
ბათუმი,3,შაჰინის,232
ბათუმი,3,ჩაისუბნის,233
ბათუმი,3,"ჩაისუბნის 2",234
ბათუმი,3,ჩხუტუნეთის,235
ბათუმი,3,ცინარეთის,236
ბათუმი,3,წაბლანის,237
ბათუმი,3,წინსვლის,238
ბათუმი,3,წონიარისის,239
ბათუმი,3,წყაროთის,240
ბათუმი,3,ჭარნალის,241
ბათუმი,3,"ჭარნალის 1",242
ბათუმი,3,"ჭარნალის 2",243
ბათუმი,3,ხიჭაურის,244
ბათუმი,3,ხულოს,245
ბაღდათი,13,1,246
ბაღდათი,13,2,247
ბაღდათი,13,გეწაძის,248
ბაღდათი,13,დიმის,249
ბაღდათი,13,"დიმის 1",250
ბაღდათი,13,"დიმის 2",251
ბაღდათი,13,ვარციხის,252
ბაღდათი,13,"ზეგნის 1",253
ბაღდათი,13,"ზეგნის 2",254
ბაღდათი,13,კვირიკაშვილის,255
ბაღდათი,13,მაიაკოვსკის,256
ბაღდათი,13,"მაიაკოვსკის 2",257
ბაღდათი,13,"მეორე ობჩის",258
ბაღდათი,13,ნერგეეთის,259
ბაღდათი,13,ობჩის,260
ბაღდათი,13,"პირველი ობჩის",261
ბაღდათი,13,როკითის,262
ბაღდათი,13,როხის,263
ბაღდათი,13,საკრაულის,264
ბაღდათი,13,"ფერსათის 1",265
ბაღდათი,13,"ფერსათის 2",266
ბაღდათი,13,ფოცხვერაშვილის,267
ბაღდათი,13,"წითელხევის 1",268
ბაღდათი,13,"წითელხევის 2",269
ბაღდათი,13,წყალთაშუის,270
ბაღდათი,13,ხანის,271
ბოლნისი,14,1,272
ბოლნისი,14,2,273
ბოლნისი,14,3,274
ბოლნისი,14,5,275
ბოლნისი,14,გეტას,276
ბოლნისი,14,"დაბა კაზრეთის",277
ბოლნისი,14,"დაბა კაზრეთის 1",278
ბოლნისი,14,"დაბა კაზრეთის 2",279
ბოლნისი,14,დავითიანი,280
ბოლნისი,14,დისველის,281
ბოლნისი,14,თამარისის,282
ბოლნისი,14,"იოანე ბოლნელის",283
ბოლნისი,14,"კაზრეთის 1",284
ბოლნისი,14,"კაზრეთის 2",285
ბოლნისი,14,ნორიოს,286
ბოლნისი,14,რატევნის,287
ბოლნისი,14,საჯარო,288
ბოლნისი,14,ტანძიის,289
ბოლნისი,14,"წმინდა იოანე ბოლნელის",290
ბორჯომი,15,1,291
ბორჯომი,15,3,292
ბორჯომი,15,6,293
ბორჯომი,15,ახალდაბის,294
ბორჯომი,15,კორტანეთის,295
ბორჯომი,15,მოლითის,296
ბორჯომი,15,ქვაბისხევის,297
ბორჯომი,15,ჭობისხევის,298
ბორჯომი,15,ჯავახიშვილის,299
გარდაბანი,16,1,300
გარდაბანი,16,2,301
გარდაბანი,16,3,302
გარდაბანი,16,4,303
გარდაბანი,16,5,304
გარდაბანი,16,6,305
გარდაბანი,16,7,306
გარდაბანი,16,აქთაქლის,307
გარდაბანი,16,"ახალი სამგორის",308
გარდაბანი,16,ახალსოფლის,309
გარდაბანი,16,გამარჯვების,310
გარდაბანი,16,გარდაბნის,311
გარდაბანი,16,"დაბა კაზრეთის 1",312
გარდაბანი,16,ვაზიანის,313
გარდაბანი,16,"ვაზიანის 1",314
გარდაბანი,16,"ვაზიანის 2",315
გარდაბანი,16,"ვახტანგისის 1",316
გარდაბანი,16,"ვახტანგისის 2",317
გარდაბანი,16,"ზემო თელეთის",318
გარდაბანი,16,"ზურაბ ბეგიაშვილის",319
გარდაბანი,16,თელეთის,320
გარდაბანი,16,კალინინოს,321
გარდაბანი,16,კარათაკლიის,322
გარდაბანი,16,კრწანისის,323
გარდაბანი,16,კუმისის,324
გარდაბანი,16,კურდღელაურის,325
გარდაბანი,16,ლემშვენიერას,326
გარდაბანი,16,"მარტყოფის 1",327
გარდაბანი,16,"მარტყოფის 2",328
გარდაბანი,16,მუღანლოს,329
გარდაბანი,16,მუხროვანის,330
გარდაბანი,16,ნაზარლოს,331
გარდაბანი,16,ნორიოს,332
გარდაბანი,16,"სართიჭალის 1",333
გარდაბანი,16,"სართიჭალის 2",334
გარდაბანი,16,"სართიჭალის 3",335
გარდაბანი,16,საცხენისის,336
გარდაბანი,16,საჯარო,337
გარდაბანი,16,ფოლადაანთკარის,338
გარდაბანი,16,"ფოლადაანთკარის 1",339
გარდაბანი,16,"ფოლადაანთკარის 7",340
გარდაბანი,16,ქესალოს,341
გარდაბანი,16,"ქვემო კაპანახჩის",342
გარდაბანი,16,ყარათაკლიას,343
გარდაბანი,16,ყარაჯალარის,344
გარდაბანი,16,ჩაღლარი,345
გარდაბანი,16,ჯანდარას,346
გორი,17,1,347
გორი,17,2,348
გორი,17,4,349
გორი,17,5,350
გორი,17,6,351
გორი,17,7,352
გორი,17,8,353
გორი,17,9,354
გორი,17,10,355
გორი,17,11,356
გორი,17,12,357
გორი,17,"ამერიკის უნივერისტეტის",358
გორი,17,"ანდრია პირველწოდებულის",359
გორი,17,არაშენდის,360
გორი,17,არბოს,361
გორი,17,ატენის,362
გორი,17,აძვის,363
გორი,17,ახალდაბის,364
გორი,17,ახალუბნის,365
გორი,17,ახალციხის,366
გორი,17,ახრისის,367
გორი,17,ბერბუკის,368
გორი,17,ბერშუეთის,369
გორი,17,ბნავირის,370
გორი,17,ბოშურის,371
გორი,17,გარეჯვრის,372
გორი,17,გიმნაზია,373
გორი,17,"გიორგი მთაწმინდელის",374
გორი,17,დიცის,375
გორი,17,ეისი,376
გორი,17,ერგნეთის,377
გორი,17,ერგნეთ-მამისაანთუბნის,378
გორი,17,ვარიანის,379
გორი,17,"ზემო ნიქოზის",380
გორი,17,"ზემო ხანდაკის",381
გორი,17,"ზემო ხვითის",382
გორი,17,ზერტის,383
გორი,17,ზეღდულეთის,384
გორი,17,"თეთრუაშვილის გიმნაზია",385
გორი,17,თორტიზის,386
გორი,17,კარალეთის,387
გორი,17,"კარალეთის 1",388
გორი,17,"კარალეთის 2",389
გორი,17,კარბის,390
გორი,17,კვარხეთის,391
გორი,17,კირბალის,392
გორი,17,ლიცეუმი,393
გორი,17,მამისაანთუბნის,394
გორი,17,მერეთის,395
გორი,17,მეღვრეკისის,396
გორი,17,მეჯვრისხევის,397
გორი,17,ნიქოზის,398
გორი,17,ოთარშენის,399
გორი,17,ორაშენის,400
გორი,17,ორთაშენის,401
გორი,17,"პატარა გარეჯვრის",402
გორი,17,"პატარა მეჯვრისხევის",403
გორი,17,რეხის,404
გორი,17,სათემოს,405
გორი,17,სამთავისის,406
გორი,17,სასულიერო,407
გორი,17,საუნჯე,408
გორი,17,სვენეთის,409
გორი,17,სკრის,410
გორი,17,სობისის,411
გორი,17,ტინისხიდის,412
გორი,17,ტირძნისის,413
გორი,17,ტყვიავის,414
გორი,17,უფლისციხის,415
გორი,17,ფხვენისის,416
გორი,17,ქერეს,417
გორი,17,ქვახვრელის,418
გორი,17,"ქვემო არცევის საჯარო",419
გორი,17,"ქვემო ნიქოზის",420
გორი,17,"ქვემო სობისის",421
გორი,17,"ქვემო ხვითის",422
გორი,17,ქვეშის,423
გორი,17,ქიწნისის,424
გორი,17,"ღირსი მამა გიორგი მთამინდელის",425
გორი,17,ყელქცეულას,426
გორი,17,შავშვების,427
გორი,17,"შიდა ქართლის საერო",428
გორი,17,შინდისის,429
გორი,17,ძევერის,430
გორი,17,წითელუბნის,431
გორი,17,"წმინდა გიორგის",432
გორი,17,"წმინდა გიორგის საერო სკოლა",433
გორი,17,"წმინდა გიორგის სახელობის სკოლა-ლიცეუმი",434
გორი,17,ხელთუბნის,435
გორი,17,ხვითის,436
გორი,17,ხიდისთავის,437
გორი,17,3,438
გორი,17,ფლავის,439
გურჯაანი,18,1,440
გურჯაანი,18,2,441
გურჯაანი,18,3,442
გურჯაანი,18,4,443
გურჯაანი,18,არაშენდის,444
გურჯაანი,18,ახალსოფლის,445
გურჯაანი,18,"ახალსოფლის 2",446
გურჯაანი,18,ახალშენის,447
გურჯაანი,18,ახაშნის,448
გურჯაანი,18,ბაკურციხის,449
გურჯაანი,18,გიმნაზია,450
გურჯაანი,18,გურჯაანის,451
გურჯაანი,18,ეტალონი,452
გურჯაანი,18,ვაზისუბნის,453
გურჯაანი,18,ვაჩნაძიანის,454
გურჯაანი,18,ველისციხის,455
გურჯაანი,18,ვეჯინის,456
გურჯაანი,18,ზეგნის,457
გურჯაანი,18,"ზემო კაჭრეთის",458
გურჯაანი,18,კალაურის,459
გურჯაანი,18,კარდენახის,460
გურჯაანი,18,კაჭრეთის,461
გურჯაანი,18,კოლაგის,462
გურჯაანი,18,"ლაგოდეხის 1",463
გურჯაანი,18,მელაანის,464
გურჯაანი,18,მუკუზნის,465
გურჯაანი,18,რკინიგზის,466
გურჯაანი,18,"სოფელ გურჯაანის",467
გურჯაანი,18,შაშიანის,468
გურჯაანი,18,ჩალაუბნის,469
გურჯაანი,18,ჩუმლაყის,470
გურჯაანი,18,წნორის,471
გურჯაანი,18,"წნორის 3",472
გურჯაანი,18,ჭანდრის,473
გურჯაანი,18,ჭიკაანის,474
გურჯაანი,18,ჯიმითის,475
დედოფლისწყარო,19,1,476
დედოფლისწყარო,19,2,477
დედოფლისწყარო,19,არბოშიკის,478
დედოფლისწყარო,19,არხილოსკალოს,479
დედოფლისწყარო,19,გამარჯვების,480
დედოფლისწყარო,19,"ვახტანგ გორგასლის",481
დედოფლისწყარო,19,"ზემო მაჩხაანის",482
დედოფლისწყარო,19,"ზემო ქედის 1",483
დედოფლისწყარო,19,"ზემო ქედის 2",484
დედოფლისწყარო,19,სამრეკლოს,485
დედოფლისწყარო,19,"ქვემო ქედის",486
დმანისი,20,1,487
დმანისი,20,3,488
დმანისი,20,განთიადის,489
დმანისი,20,გომარეთის,490
დმანისი,20,"ექვთიმე თაყაიშვილის",491
დუშეთი,21,1,492
დუშეთი,21,2,493
დუშეთი,21,147,494
დუშეთი,21,აბანოსხევის,495
დუშეთი,21,ანანურის,496
დუშეთი,21,არაგვისპირის,497
დუშეთი,21,არღუნის,498
დუშეთი,21,ბაზალეთის,499
დუშეთი,21,ბარისახოს,500
დუშეთი,21,ბულაჩაურის,501
დუშეთი,21,გრემისხევის,502
დუშეთი,21,გრიგოლაანთკარის,503
დუშეთი,21,გუდამაყრის,504
დუშეთი,21,გუდრუხის,505
დუშეთი,21,ლამოვნის,506
დუშეთი,21,მაღაროსკარის,507
დუშეთი,21,მისაქციელის,508
დუშეთი,21,მლეთის,509
დუშეთი,21,მჭადიჯვრის,510
დუშეთი,21,ნავაზის,511
დუშეთი,21,ოძისის,512
დუშეთი,21,პავლეურის,513
დუშეთი,21,ჟინვალის,514
დუშეთი,21,"ჟინვალის 2",515
დუშეთი,21,საკრამულის,516
დუშეთი,21,საშაბუროს,517
დუშეთი,21,ფასანაურის,518
დუშეთი,21,ქვეშეთის,519
დუშეთი,21,შუახევის,520
დუშეთი,21,ჩირიკის,521
დუშეთი,21,წითლიანების,522
დუშეთი,21,ჭართლის,523
დუშეთი,21,ჭოპორტის,524
დუშეთი,21,ლაფანაანთკარის,525
ვანი,22,1,526
ვანი,22,2,527
ვანი,22,ამაღლების,528
ვანი,22,ბზვანის,529
ვანი,22,გიმნაზია,530
ვანი,22,ვანის,531
ვანი,22,"ზედა ბზვანის",532
ვანი,22,"ზედა გორას",533
ვანი,22,"ზედა ვანის",534
ვანი,22,ზეინდრის,535
ვანი,22,ინაშაურის,536
ვანი,22,ისრითის,537
ვანი,22,კიროვის,538
ვანი,22,მართლმადიდებლური,539
ვანი,22,მექედის,540
ვანი,22,მთისძირის,541
ვანი,22,მიქელეფონის,542
ვანი,22,მუქედის,543
ვანი,22,რომანეთის,544
ვანი,22,სალომინაოს,545
ვანი,22,სალხინოს,546
ვანი,22,საპრასიის,547
ვანი,22,სულორის,548
ვანი,22,ტობანიერის,549
ვანი,22,უხუთის,550
ვანი,22,ფერეთის,551
ვანი,22,"ქვედა გორას",552
ვანი,22,ყუმურის,553
ვანი,22,შუაგორის,554
ვანი,22,შუამთის,555
ვანი,22,ციხესულორის,556
ვანი,22,ძულუხის,557
ვანი,22,"წმინდა ნინოს",558
ზესტაფონი,23,1,559
ზესტაფონი,23,2,560
ზესტაფონი,23,3,561
ზესტაფონი,23,4,562
ზესტაფონი,23,5,563
ზესტაფონი,23,6,564
ზესტაფონი,23,7,565
ზესტაფონი,23,ალავერდის,566
ზესტაფონი,23,ალისუბნის,567
ზესტაფონი,23,ანაბასისი,568
ზესტაფონი,23,არგვეთის,569
ზესტაფონი,23,ბორის,570
ზესტაფონი,23,ბოსლევის,571
ზესტაფონი,23,დილიკაურის,572
ზესტაფონი,23,ვარძიის,573
ზესტაფონი,23,"ზედა საქარის",574
ზესტაფონი,23,ზოვრეთის,575
ზესტაფონი,23,თავისუფალი,576
ზესტაფონი,23,თუზის,577
ზესტაფონი,23,ილემის,578
ზესტაფონი,23,კვალითის,579
ზესტაფონი,23,კლდეეთის,580
ზესტაფონი,23,"მეორე სვირის 1",581
ზესტაფონი,23,"მეორე სვირის 2",582
ზესტაფონი,23,"ორნათის საჯარო",583
ზესტაფონი,23,ორნატი,584
ზესტაფონი,23,"პირველი სვირის",585
ზესტაფონი,23,რკვიის,586
ზესტაფონი,23,როდინაულის,587
ზესტაფონი,23,"სადგურ სვირის",588
ზესტაფონი,23,საზანოს,589
ზესტაფონი,23,"საზანოს 1",590
ზესტაფონი,23,"საზანოს 2",591
ზესტაფონი,23,"საზანოს 3",592
ზესტაფონი,23,საქარის,593
ზესტაფონი,23,"სვირის 2",594
ზესტაფონი,23,ტაბაკინის,595
ზესტაფონი,23,ფუთის,596
ზესტაფონი,23,"ქვედა საზანოს 1",597
ზესტაფონი,23,"ქვედა საზანოს 2",598
ზესტაფონი,23,"ქვედა საზანოს 3",599
ზესტაფონი,23,"ქვედა საქარის",600
ზესტაფონი,23,"ქვემო საზანოს",601
ზესტაფონი,23,"ქვემო საქარის",602
ზესტაფონი,23,ღორეშის,603
ზესტაფონი,23,შორაპნის,604
ზესტაფონი,23,შროშის,605
ზესტაფონი,23,ცხენთაროს,606
ზესტაფონი,23,ცხრაწყაროს,607
ზესტაფონი,23,ძირულის,608
ზესტაფონი,23,წევის,609
ზესტაფონი,23,წყალაფორეთის,610
ზესტაფონი,23,ხუნევის,611
ზუგდიდი,4,1,612
ზუგდიდი,4,2,613
ზუგდიდი,4,3,614
ზუგდიდი,4,4,615
ზუგდიდი,4,5,616
ზუგდიდი,4,6,617
ზუგდიდი,4,7,618
ზუგდიდი,4,8,619
ზუგდიდი,4,9,620
ზუგდიდი,4,10,621
ზუგდიდი,4,11,622
ზუგდიდი,4,12,623
ზუგდიდი,4,14,624
ზუგდიდი,4,აბასთუმნის,625
ზუგდიდი,4,ანაკლიის,626
ზუგდიდი,4,აფხაზეთის,627
ზუგდიდი,4,"აფხაზეთის 1",628
ზუგდიდი,4,"აფხაზეთის 11",629
ზუგდიდი,4,"აფხაზეთის 14",630
ზუგდიდი,4,"აფხაზეთის 15",631
ზუგდიდი,4,ახალაბასთუმნის,632
ზუგდიდი,4,ახალკახათის,633
ზუგდიდი,4,ახალსოფლის,634
ზუგდიდი,4,განმუხურის,635
ზუგდიდი,4,გრიგოლიშის,636
ზუგდიდი,4,"დარჩელის 1",637
ზუგდიდი,4,"დარჩელის 2",638
ზუგდიდი,4,დიდინეძის,639
ზუგდიდი,4,"დიხამინჯის 1",640
ზუგდიდი,4,ერგეტის,641
ზუგდიდი,4,ეტალონი,642
ზუგდიდი,4,"ზედა ეწრის",643
ზუგდიდი,4,თაიას,644
ზუგდიდი,4,ინგირის,645
ზუგდიდი,4,"ინგირის 1",646
ზუგდიდი,4,"ინგირის 2",647
ზუგდიდი,4,"კახათის 1",648
ზუგდიდი,4,"კახათის 2",649
ზუგდიდი,4,"კახათის წმინდა გიორგის",650
ზუგდიდი,4,"კირცხის 1",651
ზუგდიდი,4,კოკის,652
ზუგდიდი,4,კორცხელის,653
ზუგდიდი,4,ნარაზენის,654
ზუგდიდი,4,"ოდიშის 1",655
ზუგდიდი,4,"ოდიშის 2",656
ზუგდიდი,4,ონარიის,657
ზუგდიდი,4,ორსანტიის,658
ზუგდიდი,4,ორულუს,659
ზუგდიდი,4,ოქტომბრის,660
ზუგდიდი,4,"პრინც მიურატის",661
ზუგდიდი,4,რიყის,662
ზუგდიდი,4,რუხის,663
ზუგდიდი,4,ტყაიის,664
ზუგდიდი,4,ურთის,665
ზუგდიდი,4,ფრანგული,666
ზუგდიდი,4,ქართულ-ფრანგული,667
ზუგდიდი,4,ყულიშკარის,668
ზუგდიდი,4,შამგონის,669
ზუგდიდი,4,ჩხორიის,670
ზუგდიდი,4,ცაიშის,671
ზუგდიდი,4,"ძველი აბასთუმნის",672
ზუგდიდი,4,"წმინდა გიორგის",673
ზუგდიდი,4,ჭაქვინჯის,674
ზუგდიდი,4,ჭითაწყარის,675
ზუგდიდი,4,ჭკადუაშის,676
ზუგდიდი,4,ხაიშის,677
ზუგდიდი,4,ხამისკურის,678
ზუგდიდი,4,"ჯვარის 1",679
ზუგდიდი,4,"ჯვარის 4",680
ზუგდიდი,4,ჯიხაშკარის,681
ზუგდიდი,4,"ჯიხაშკარის 1",682
ზუგდიდი,4,"ჯიხაშკარის 2",683
ზუგდიდი,4,ჯიჯი,684
ზუგდიდი,4,ჯუმის,685
თბილისი,1,1,686
თბილისი,1,2,687
თბილისი,1,3,688
თბილისი,1,4,689
თბილისი,1,5,690
თბილისი,1,6,691
თბილისი,1,7,692
თბილისი,1,8,693
თბილისი,1,9,694
თბილისი,1,10,695
თბილისი,1,11,696
თბილისი,1,12,697
თბილისი,1,13,698
თბილისი,1,14,699
თბილისი,1,15,700
თბილისი,1,16,701
თბილისი,1,17,702
თბილისი,1,18,703
თბილისი,1,20,704
თბილისი,1,21,705
თბილისი,1,22,706
თბილისი,1,23,707
თბილისი,1,24,708
თბილისი,1,26,709
თბილისი,1,28,710
თბილისი,1,29,711
თბილისი,1,30,712
თბილისი,1,31,713
თბილისი,1,32,714
თბილისი,1,34,715
თბილისი,1,35,716
თბილისი,1,36,717
თბილისი,1,37,718
თბილისი,1,39,719
თბილისი,1,40,720
თბილისი,1,41,721
თბილისი,1,42,722
თბილისი,1,43,723
თბილისი,1,44,724
თბილისი,1,45,725
თბილისი,1,46,726
თბილისი,1,47,727
თბილისი,1,48,728
თბილისი,1,49,729
თბილისი,1,50,730
თბილისი,1,51,731
თბილისი,1,52,732
თბილისი,1,53,733
თბილისი,1,54,734
თბილისი,1,55,735
თბილისი,1,57,736
თბილისი,1,58,737
თბილისი,1,59,738
თბილისი,1,60,739
თბილისი,1,61,740
თბილისი,1,62,741
თბილისი,1,63,742
თბილისი,1,64,743
თბილისი,1,65,744
თბილისი,1,66,745
თბილისი,1,67,746
თბილისი,1,69,747
თბილისი,1,70,748
თბილისი,1,71,749
თბილისი,1,72,750
თბილისი,1,73,751
თბილისი,1,74,752
თბილისი,1,75,753
თბილისი,1,76,754
თბილისი,1,77,755
თბილისი,1,78,756
თბილისი,1,79,757
თბილისი,1,80,758
თბილისი,1,81,759
თბილისი,1,82,760
თბილისი,1,83,761
თბილისი,1,84,762
თბილისი,1,85,763
თბილისი,1,86,764
თბილისი,1,87,765
თბილისი,1,88,766
თბილისი,1,89,767
თბილისი,1,90,768
თბილისი,1,91,769
თბილისი,1,92,770
თბილისი,1,94,771
თბილისი,1,95,772
თბილისი,1,96,773
თბილისი,1,97,774
თბილისი,1,98,775
თბილისი,1,99,776
თბილისი,1,100,777
თბილისი,1,102,778
თბილისი,1,103,779
თბილისი,1,104,780
თბილისი,1,105,781
თბილისი,1,106,782
თბილისი,1,107,783
თბილისი,1,108,784
თბილისი,1,111,785
თბილისი,1,112,786
თბილისი,1,113,787
თბილისი,1,114,788
თბილისი,1,115,789
თბილისი,1,116,790
თბილისი,1,117,791
თბილისი,1,118,792
თბილისი,1,119,793
თბილისი,1,120,794
თბილისი,1,121,795
თბილისი,1,122,796
თბილისი,1,123,797
თბილისი,1,124,798
თბილისი,1,125,799
თბილისი,1,126,800
თბილისი,1,127,801
თბილისი,1,128,802
თბილისი,1,129,803
თბილისი,1,130,804
თბილისი,1,131,805
თბილისი,1,132,806
თბილისი,1,133,807
თბილისი,1,135,808
თბილისი,1,136,809
თბილისი,1,137,810
თბილისი,1,138,811
თბილისი,1,139,812
თბილისი,1,140,813
თბილისი,1,141,814
თბილისი,1,142,815
თბილისი,1,143,816
თბილისი,1,144,817
თბილისი,1,145,818
თბილისი,1,146,819
თბილისი,1,147,820
თბილისი,1,149,821
თბილისი,1,150,822
თბილისი,1,151,823
თბილისი,1,152,824
თბილისი,1,153,825
თბილისი,1,154,826
თბილისი,1,155,827
თბილისი,1,156,828
თბილისი,1,157,829
თბილისი,1,158,830
თბილისი,1,159,831
თბილისი,1,160,832
თბილისი,1,161,833
თბილისი,1,162,834
თბილისი,1,163,835
თბილისი,1,164,836
თბილისი,1,165,837
თბილისი,1,166,838
თბილისი,1,167,839
თბილისი,1,168,840
თბილისი,1,169,841
თბილისი,1,171,842
თბილისი,1,172,843
თბილისი,1,173,844
თბილისი,1,174,845
თბილისი,1,175,846
თბილისი,1,176,847
თბილისი,1,177,848
თბილისი,1,178,849
თბილისი,1,179,850
თბილისი,1,180,851
თბილისი,1,181,852
თბილისი,1,182,853
თბილისი,1,183,854
თბილისი,1,184,855
თბილისი,1,185,856
თბილისი,1,186,857
თბილისი,1,187,858
თბილისი,1,188,859
თბილისი,1,190,860
თბილისი,1,191,861
თბილისი,1,192,862
თბილისი,1,193,863
თბილისი,1,194,864
თბილისი,1,195,865
თბილისი,1,198,866
თბილისი,1,199,867
თბილისი,1,202,868
თბილისი,1,203,869
თბილისი,1,204,870
თბილისი,1,205,871
თბილისი,1,207,872
თბილისი,1,208,873
თბილისი,1,209,874
თბილისი,1,210,875
თბილისი,1,211,876
თბილისი,1,212,877
თბილისი,1,213,878
თბილისი,1,214,879
თბილისი,1,215,880
თბილისი,1,216,881
თბილისი,1,217,882
თბილისი,1,218,883
თბილისი,1,219,884
თბილისი,1,"21 საუკუნე",885
თბილისი,1,ათინათი,886
თბილისი,1,"აია ჯესს",887
თბილისი,1,"აიბი მთიები",888
თბილისი,1,აისი,889
თბილისი,1,ალბიონი,890
თბილისი,1,ალმასი,891
თბილისი,1,"ამერიკული აკადემია",892
თბილისი,1,"ანდრია პირველწოდებულის",893
თბილისი,1,ანიზეტი,894
თბილისი,1,არქიმედე,895
თბილისი,1,"ასი ათასი მოწამის სახელობის ფესვები",896
თბილისი,1,"აფხაზეთის 2",897
თბილისი,1,"აფხაზეთის 3",898
თბილისი,1,"ახალი ლიცეუმი",899
თბილისი,1,"ახალი სკოლა",900
თბილისი,1,"ახალი ქართული გიმნაზია",901
თბილისი,1,"ახალი ქართული სკოლა",902
თბილისი,1,"ბაკურ სულაკაურის",903
თბილისი,1,ბაქსვუდი,904
თბილისი,1,"ბიზნეს სკოლა",905
თბილისი,1,ბინული,906
თბილისი,1,ბიჯისი,907
თბილისი,1,"ბრითიშ ქონექშენი",908
თბილისი,1,ბრიტანიკა,909
თბილისი,1,ბრიტანულ-ქართული,910
თბილისი,1,"ბრიტანულ-ქართული აკადემია",911
თბილისი,1,"ბრიტანულ-ქართული სკოლა",912
თბილისი,1,გერგეტი,913
თბილისი,1,"გერმანული საერთაშორისო",914
თბილისი,1,გიმნაზია,915
თბილისი,1,გრაალი,916
თბილისი,1,"გრიგოლ ხანძთელის",917
თბილისი,1,"გურამ დევდარიანის",918
თბილისი,1,დავითიანი,919
თბილისი,1,დეა,920
თბილისი,1,დემირელი,921
თბილისი,1,"დიმიტრი ყიფიანის",922
თბილისი,1,"ევროპული სკოლა",923
თბილისი,1,ენკა,924
თბილისი,1,ერუდიტი,925
თბილისი,1,ვალდორფი,926
თბილისი,1,"ვერისუბნის ლიცეუმი",927
თბილისი,1,თავადაზნაურთა,928
თბილისი,1,"თამარ მეფის",929
თბილისი,1,თამარიონი,930
თბილისი,1,"თანამედროვე განათლების აკადემია",931
თბილისი,1,"იაკობ გოგებაშვილის",932
თბილისი,1,იბერია,933
თბილისი,1,ივერია,934
თბილისი,1,"ივერიის ღვთისმშობლის",935
თბილისი,1,ივერიონი,936
თბილისი,1,ივერონი,937
თბილისი,1,"ილია მართლის",938
თბილისი,1,ინტელექტი,939
თბილისი,1,"ინტელექტი 21",940
თბილისი,1,იუჯი,941
თბილისი,1,"კავკასიის ფრანგული სკოლა",942
თბილისი,1,"კაი ყმა",943
თბილისი,1,კანდელი,944
თბილისი,1,კანდიდი,945
თბილისი,1,კერძო,946
თბილისი,1,"კლასიკური გიმნაზია",947
თბილისი,1,კობახიძე,948
თბილისი,1,კომაროვი,949
თბილისი,1,"კრეატიული განათლების",950
თბილისი,1,ლამპარი,951
თბილისი,1,ლაშარი,952
თბილისი,1,ლიდერი,953
თბილისი,1,ლილე,954
თბილისი,1,"ლისის გიმნაზია",955
თბილისი,1,ლიცეუმი,956
თბილისი,1,ლოგოსი,957
თბილისი,1,ლომისი,958
თბილისი,1,მართლმადიდებლური,959
თბილისი,1,მარჯი,960
თბილისი,1,"მე-6 გერმანული ექსპერიმენტალური სკოლა",961
თბილისი,1,"მეექვსე საავტორო",962
თბილისი,1,მერმისი,963
თბილისი,1,მთაწმინდელები,964
თბილისი,1,მილენიუმი,965
თბილისი,1,მომავლის,966
თბილისი,1,მოძღვარი,967
თბილისი,1,"მუსიკალური სემინარია",968
თბილისი,1,"მწვანე სკოლა",969
თბილისი,1,მწიგნობართუხუცესი,970
თბილისი,1,მწიგნობარი,971
თბილისი,1,მჭევრი,972
თბილისი,1,"ნიკო ბაგრატიონის",973
თბილისი,1,ნინო,974
თბილისი,1,ნიუტონი,975
თბილისი,1,"ნიჭიერთა კერძო სკოლა",976
თბილისი,1,"ნუნუ ავაგუმაშვილი",977
თბილისი,1,ოაზისი,978
თბილისი,1,ოლიმპი,979
თბილისი,1,ოპიზა,980
თბილისი,1,"ორ ავნერ და ჰანა",981
თბილისი,1,"ოქორს აკვანი",982
თბილისი,1,"ოქროს აკვანი",983
თბილისი,1,პეგასი,984
თბილისი,1,"პირველი ექსპერიმენტული",985
თბილისი,1,პოლიგლოტი,986
თბილისი,1,პოლუსი,987
თბილისი,1,პროგრესი,988
თბილისი,1,პრომეთე,989
თბილისი,1,"საბანკო იურიდიული ლიცეუმი",990
თბილისი,1,სადუნი,991
თბილისი,1,"საერთაშორისო ქართული სკოლა",992
თბილისი,1,"საერო სკოლა",993
თბილისი,1,სანთელი,994
თბილისი,1,"სანტ ეგზიუპერი",995
თბილისი,1,საპატრიარქო,996
თბილისი,1,სასულიერო,997
თბილისი,1,საუნჯე,998
თბილისი,1,სინათლე,999
თბილისი,1,სხივი,1000
თბილისი,1,ტიესი,1001
თბილისი,1,ფენიქსი,1002
თბილისი,1,ფესვები,1003
თბილისი,1,"ფილიპე გოგიჩაიშვილის",1004
თბილისი,1,ქართულ-ამერიკული,1005
თბილისი,1,"ქართულ-ამერიკული უმაღლესი",1006
თბილისი,1,"ქართული სასწავლებელი",1007
თბილისი,1,ქორალი,1008
თბილისი,1,შავნაბადა,1009
თბილისი,1,შიბლიანის,1010
თბილისი,1,შოვი,1011
თბილისი,1,შუმანის,1012
თბილისი,1,"ჩვენი სკოლა",1013
თბილისი,1,ცისაკარი,1014
თბილისი,1,ცისკარი,1015
თბილისი,1,ცოდნა,1016
თბილისი,1,წინწყაროს,1017
თბილისი,1,"წმ. გიორგის სახ. ბრიტანულ-ქართული",1018
თბილისი,1,"წმინდა ბარბარეს",1019
თბილისი,1,"წმინდა გიორგის",1020
თბილისი,1,"წმინდა გიორგის საერო",1021
თბილისი,1,"წმინდა ილია მართლის",1022
თბილისი,1,"წმინდა ნიკოლოზის",1023
თბილისი,1,"წმინდა ნინოს",1024
თბილისი,1,ჯეჯილი,1025
თბილისი,1,ჯიელსი,1026
თბილისი,1,ჰამილტონი,1027
თბილისი,1,ჰელიოსი,1028
თეთრიწყარო,26,ალექსეევკის,1029
თეთრიწყარო,26,ბოგვის,1030
თეთრიწყარო,26,ბორბალოს,1031
თეთრიწყარო,26,გოლთეთის,1032
თეთრიწყარო,26,ერტისის,1033
თეთრიწყარო,26,თეთრიწყაროს,1034
თეთრიწყარო,26,კოდის,1035
თეთრიწყარო,26,"მანგლისის 1",1036
თეთრიწყარო,26,სამღერეთის,1037
თეთრიწყარო,26,"ტბეთის 2",1038
თეთრიწყარო,26,შავსაყდარის,1039
თეთრიწყარო,26,ხაიშის,1040
თელავი,27,1,1041
თელავი,27,2,1042
თელავი,27,3,1043
თელავი,27,4,1044
თელავი,27,5,1045
თელავი,27,6,1046
თელავი,27,7,1047
თელავი,27,8,1048
თელავი,27,9,1049
თელავი,27,აკურის,1050
თელავი,27,ალვანის,1051
თელავი,27,ანანურის,1052
თელავი,27,ართნის,1053
თელავი,27,აწყურის,1054
თელავი,27,ახმეტის,1055
თელავი,27,ბუშეტის,1056
თელავი,27,გულგულის,1057
თელავი,27,დუისის,1058
თელავი,27,"ევროპული სკოლა",1059
თელავი,27,ეპარქიის,1060
თელავი,27,ვანთის,1061
თელავი,27,ვარდისუბნის,1062
თელავი,27,თეთრიწყლების,1063
თელავი,27,იყალთოს,1064
თელავი,27,კალაურის,1065
თელავი,27,კისისხევის,1066
თელავი,27,კონდოლის,1067
თელავი,27,კურდღელაურის,1068
თელავი,27,ლალისყურის,1069
თელავი,27,ლაფანყურის,1070
თელავი,27,მატნის,1071
თელავი,27,მულმულის,1072
თელავი,27,ნაფარეულის,1073
თელავი,27,ოჟიოს,1074
თელავი,27,რუისპირის,1075
თელავი,27,სამრევლოს,1076
თელავი,27,სანიორეს,1077
თელავი,27,ფშავლის,1078
თელავი,27,"ქვემო ალვანის",1079
თელავი,27,"ქვემო ხოდაშნის",1080
თელავი,27,ქისტაურის,1081
თელავი,27,ყარაჯალის,1082
თელავი,27,ყვარლის,1083
თელავი,27,შალაურის,1084
თელავი,27,წინანდლის,1085
თელავი,27,"წმინდა ბიძინა, შალვა და ელიზბარის",1086
თელავი,27,ხოდაშენის,1087
თელეთი,28,თელეთის,1088
თერჯოლა,29,1,1089
თერჯოლა,29,2,1090
თერჯოლა,29,ალისუბნის,1091
თერჯოლა,29,ახალთერჯოლის,1092
თერჯოლა,29,ბარდუბნის,1093
თერჯოლა,29,გოგნის,1094
თერჯოლა,29,"დავით კლდიაშვილის",1095
თერჯოლა,29,ეწერის,1096
თერჯოლა,29,"ზედა საზანოს",1097
თერჯოლა,29,"ზედა სიმონეთის",1098
თერჯოლა,29,ზოვრეთის,1099
თერჯოლა,29,თუზის,1100
თერჯოლა,29,კვახჭირის,1101
თერჯოლა,29,კლდიაშვილის,1102
თერჯოლა,29,მზეკაბანი,1103
თერჯოლა,29,"მზეკაბანი 2007",1104
თერჯოლა,29,ნაგარევის,1105
თერჯოლა,29,ნახშირღელის,1106
თერჯოლა,29,"სიმონეთის 1",1107
თერჯოლა,29,"სიმონეთის 2",1108
თერჯოლა,29,"ქვედა საზანოს 2",1109
თერჯოლა,29,"ქვედა სიმონეთის 1",1110
თერჯოლა,29,"ქვედა სიმონეთის 2",1111
თერჯოლა,29,ღვანკითის,1112
თერჯოლა,29,"ჩხარის 1",1113
თერჯოლა,29,"ჩხარის 2",1114
თერჯოლა,29,ძევრის,1115
თერჯოლა,29,ჭოგნარის,1116
თიანეთი,30,2,1117
თიანეთი,30,ნაქალაქარის,1118
თიანეთი,30,სიონის,1119
თიანეთი,30,ხევსურთსოფლის,1120
კასპი,31,1,1121
კასპი,31,2,1122
კასპი,31,3,1123
კასპი,31,4,1124
კასპი,31,აღაიანის,1125
კასპი,31,ახალქალაქის,1126
კასპი,31,ახალციხის,1127
კასპი,31,"ბესიკ ნიპარიშვილის",1128
კასპი,31,დოესის,1129
კასპი,31,ზანდაკის,1130
კასპი,31,"ზემო ხანდაკის",1131
კასპი,31,თვალადის,1132
კასპი,31,იგოეთის,1133
კასპი,31,კავთისხევის,1134
კასპი,31,ლამისყანის,1135
კასპი,31,"მეტეხის 1",1136
კასპი,31,"მეტეხის 2",1137
კასპი,31,ნიგოზეთის,1138
კასპი,31,ნიზოგის,1139
კასპი,31,ნიქოზის,1140
კასპი,31,ოკამის,1141
კასპი,31,სამთავისის,1142
კასპი,31,სასირეთის,1143
კასპი,31,სკრის,1144
კასპი,31,"ქვემო გომის",1145
კასპი,31,"ქვემო ჭალის",1146
კასპი,31,"ქვემო ხანდაკის",1147
კასპი,31,ხანდაკის,1148
კასპი,31,ხოვლეს,1149
ლაგოდეხი,32,1,1150
ლაგოდეხი,32,2,1151
ლაგოდეხი,32,3,1152
ლაგოდეხი,32,"აფენის 1",1153
ლაგოდეხი,32,"აფენის 2",1154
ლაგოდეხი,32,ბაისუბნის,1155
ლაგოდეხი,32,გვიმრიანის,1156
ლაგოდეხი,32,გიორგეთის,1157
ლაგოდეხი,32,გურგენიას,1158
ლაგოდეხი,32,დავითიანის,1159
ლაგოდეხი,32,ვარდისუბნის,1160
ლაგოდეხი,32,თამარიანის,1161
ლაგოდეხი,32,თელის,1162
ლაგოდეხი,32,კართუბნის,1163
ლაგოდეხი,32,ლელიანის,1164
ლაგოდეხი,32,მაწიმის,1165
ლაგოდეხი,32,მსხალგორის,1166
ლაგოდეხი,32,ნინიგორის,1167
ლაგოდეხი,32,ფონის,1168
ლაგოდეხი,32,შრომის,1169
ლაგოდეხი,32,ცოდნისკარის,1170
ლაგოდეხი,32,ჭაბუკიანის,1171
ლაგოდეხი,32,ჭიაურის,1172
ლაგოდეხი,32,ჰერეთისკარის,1173
ლანჩხუთი,33,1,1174
ლანჩხუთი,33,აკეთის,1175
ლანჩხუთი,33,აცნის,1176
ლანჩხუთი,33,ახალსოფლის,1177
ლანჩხუთი,33,გულიანის,1178
ლანჩხუთი,33,"იოანე ნათლისმცემლის",1179
ლანჩხუთი,33,ლესის,1180
ლანჩხუთი,33,მამათის,1181
ლანჩხუთი,33,ნინოშვილის,1182
ლანჩხუთი,33,სუფსის,1183
ლანჩხუთი,33,ქვიანის,1184
ლანჩხუთი,33,შრომისუბნის,1185
ლანჩხუთი,33,ჩოჩხათის,1186
ლანჩხუთი,33,წყალწმინდის,1187
ლანჩხუთი,33,ხაჯალიის,1188
ლანჩხუთი,33,"ჯურუყვეთის 2",1189
მარნეული,34,1,1190
მარნეული,34,2,1191
მარნეული,34,5,1192
მარნეული,34,6,1193
მარნეული,34,7,1194
მარნეული,34,"თამარისის 1",1195
მარნეული,34,კირაჩმუღანლოს,1196
მარნეული,34,კირიხლოს,1197
მარნეული,34,ჯანდარას,1198
მარტვილი,35,1,1199
მარტვილი,35,2,1200
მარტვილი,35,აბედათის,1201
მარტვილი,35,"ამბროსი ხელაიას",1202
მარტვილი,35,ბალდის,1203
მარტვილი,35,გაჭედილის,1204
მარტვილი,35,გურძემის,1205
მარტვილი,35,"დიდი ჭყონის 1",1206
მარტვილი,35,"დიდი ჭყონის 2",1207
მარტვილი,35,დოშაყეს,1208
მარტვილი,35,ვედიდკარის,1209
მარტვილი,35,"ზედა ნაგვაზაოს",1210
მარტვილი,35,"ზედა ხუნწის",1211
მარტვილი,35,თამაკონის,1212
მარტვილი,35,ინჩხურის,1213
მარტვილი,35,კიწიის,1214
მარტვილი,35,კურზუს,1215
მარტვილი,35,ლედგებეს,1216
მარტვილი,35,ლეციცხვაიეს,1217
მარტვილი,35,ლეხაინდრაოს,1218
მარტვილი,35,"მეორე ნამიკოლაოს",1219
მარტვილი,35,მეურნეობის,1220
მარტვილი,35,"მეურნეობის 2",1221
მარტვილი,35,მუსხურჩა,1222
მარტვილი,35,მუხიანის,1223
მარტვილი,35,ნაგებერაოს,1224
მარტვილი,35,ნაგვაზაოს,1225
მარტვილი,35,"ნამიკოლაოს 2",1226
მარტვილი,35,ნაჩილაჩაოს,1227
მარტვილი,35,ნახუნაოს,1228
მარტვილი,35,ნახურცილაოს,1229
მარტვილი,35,ნოღის,1230
მარტვილი,35,ონოღიას,1231
მარტვილი,35,ოჩეს,1232
მარტვილი,35,სალხინოს,1233
მარტვილი,35,"სალხინოს გიმნაზია",1234
მარტვილი,35,სერგიეთის,1235
მარტვილი,35,სხივი,1236
მარტვილი,35,ტალერის,1237
მარტვილი,35,"ქვედა ნაგვაზაოს",1238
მარტვილი,35,ცალერის,1239
მარტვილი,35,წაჩხურას,1240
მარტვილი,35,ჭყონის,1241
მარტვილი,35,ხუნწის,1242
მარტვილი,35,ჯოლევის,1243
მესტია,36,1,1244
მესტია,36,"ილარიონ ქართველის",1245
მესტია,36,ლატალის,1246
მესტია,36,ლახამულას,1247
მესტია,36,"ლენჯერის 2",1248
მესტია,36,ყარ-სგურიშის,1249
მესტია,36,ჭუბერის,1250
მესტია,36,ხაიშის,1251
მცხეთა,37,1,1252
მცხეთა,37,2,1253
მცხეთა,37,3,1254
მცხეთა,37,7,1255
მცხეთა,37,"ათორმეტ მოციქულთა",1256
მცხეთა,37,ანანურის,1257
მცხეთა,37,ახალდაბის,1258
მცხეთა,37,ბიწმენდის,1259
მცხეთა,37,გალავნის,1260
მცხეთა,37,ერედის,1261
მცხეთა,37,ვაზიანის,1262
მცხეთა,37,ლისის,1263
მცხეთა,37,მთაწმინდელები,1264
მცხეთა,37,მისაქციელის,1265
მცხეთა,37,"მუხრანის 1",1266
მცხეთა,37,"მუხრანის 2",1267
მცხეთა,37,"მუხრანის 3",1268
მცხეთა,37,ნავაზის,1269
მცხეთა,37,ნატახტარის,1270
მცხეთა,37,ნიჩბისის,1271
მცხეთა,37,ნოზა,1272
მცხეთა,37,"პატარა ქანდის",1273
მცხეთა,37,საგურამოს,1274
მცხეთა,37,ქანდის,1275
მცხეთა,37,ქსნის,1276
მცხეთა,37,ქსოვრისის,1277
მცხეთა,37,ჩარდახის,1278
მცხეთა,37,ციხისძირის,1279
მცხეთა,37,ძალისის,1280
მცხეთა,37,ძეგვის,1281
მცხეთა,37,"ძველი ქანდის",1282
მცხეთა,37,"წეროვნის 1",1283
მცხეთა,37,"წეროვნის 2",1284
მცხეთა,37,"წეროვნის 3",1285
მცხეთა,37,"წეროვნის 4",1286
მცხეთა,37,წილკნის,1287
მცხეთა,37,"წილკნის 2",1288
ნინოწმინდა,38,4,1289
ნინოწმინდა,38,ბოგდანოვკის,1290
ნინოწმინდა,38,ორლოვკის,1291
ოზურგეთი,39,1,1292
ოზურგეთი,39,2,1293
ოზურგეთი,39,3,1294
ოზურგეთი,39,4,1295
ოზურგეთი,39,5,1296
ოზურგეთი,39,6,1297
ოზურგეთი,39,25,1298
ოზურგეთი,39,ასკანის,1299
ოზურგეთი,39,ბაილეთის,1300
ოზურგეთი,39,ბახვის,1301
ოზურგეთი,39,ბოხვაურის,1302
ოზურგეთი,39,"გაბრიელ ეპისკოპოსის",1303
ოზურგეთი,39,"გაღმა დვაბზუს",1304
ოზურგეთი,39,გომის,1305
ოზურგეთი,39,გურიანთის,1306
ოზურგეთი,39,"დაბა ნარუჯის",1307
ოზურგეთი,39,"დაბა ნასაკირალის",1308
ოზურგეთი,39,"დაბა ურეკის",1309
ოზურგეთი,39,დვაბზუს,1310
ოზურგეთი,39,ვაკიჯვრის,1311
ოზურგეთი,39,"ზაზა დამენიას",1312
ოზურგეთი,39,"ზემო ნატანების",1313
ოზურგეთი,39,თხინვალის,1314
ოზურგეთი,39,კვირიკეთის,1315
ოზურგეთი,39,კონჭკათის,1316
ოზურგეთი,39,ლაითურის,1317
ოზურგეთი,39,ლიხაურის,1318
ოზურგეთი,39,მაკვანეთის,1319
ოზურგეთი,39,მერიის,1320
ოზურგეთი,39,მთისპირის,1321
ოზურგეთი,39,ნაგომრის,1322
ოზურგეთი,39,ნარუჯის,1323
ოზურგეთი,39,ნასაკირალის,1324
ოზურგეთი,39,ნატანების,1325
ოზურგეთი,39,"ნატანების 2",1326
ოზურგეთი,39,"ნატანების დაწყებითი",1327
ოზურგეთი,39,ნაღობილევის,1328
ოზურგეთი,39,ორმეთის,1329
ოზურგეთი,39,პანსიონი,1330
ოზურგეთი,39,სამრევლოს,1331
ოზურგეთი,39,სილაურის,1332
ოზურგეთი,39,"სოფელ ოზურგეთის",1333
ოზურგეთი,39,ურეკის,1334
ოზურგეთი,39,"ქვედა ბახვის",1335
ოზურგეთი,39,"ქვემო ნატანების",1336
ოზურგეთი,39,"ღვთისმშობლის სახელობის",1337
ოზურგეთი,39,"ყოვლადწმინდა ღვთისმშობლის",1338
ოზურგეთი,39,შემოქმედის,1339
ოზურგეთი,39,შრომის,1340
ოზურგეთი,39,ჩოჩხათის,1341
ოზურგეთი,39,"ჩოხატაურის 1",1342
ოზურგეთი,39,ციხისფერდის,1343
ოზურგეთი,39,ცხემლისხიდის,1344
ოზურგეთი,39,ძიმითის,1345
ოზურგეთი,39,"წმინდა ნინოს",1346
ოზურგეთი,39,ხილაურის,1347
ოზურგეთი,39,ხრიალეთის,1348
ოზურგეთი,39,ჯუმათის,1349
რუსთავი,40,1,1350
რუსთავი,40,2,1351
რუსთავი,40,3,1352
რუსთავი,40,4,1353
რუსთავი,40,5,1354
რუსთავი,40,6,1355
რუსთავი,40,7,1356
რუსთავი,40,8,1357
რუსთავი,40,9,1358
რუსთავი,40,10,1359
რუსთავი,40,11,1360
რუსთავი,40,12,1361
რუსთავი,40,13,1362
რუსთავი,40,14,1363
რუსთავი,40,15,1364
რუსთავი,40,16,1365
რუსთავი,40,17,1366
რუსთავი,40,18,1367
რუსთავი,40,20,1368
რუსთავი,40,21,1369
რუსთავი,40,22,1370
რუსთავი,40,23,1371
რუსთავი,40,25,1372
რუსთავი,40,26,1373
რუსთავი,40,28,1374
რუსთავი,40,"24 გიმნაზია",1375
რუსთავი,40,ლაზარე,1376
რუსთავი,40,ლამპარი,1377
რუსთავი,40,"მამა სერგის",1378
რუსთავი,40,მზეკაბანი,1379
რუსთავი,40,მილენიუმი,1380
რუსთავი,40,ნაზაროს,1381
რუსთავი,40,ნაკადული,1382
რუსთავი,40,"ნიკოლოზ წერეთლის",1383
რუსთავი,40,რეცა,1384
რუსთავი,40,რუსთველი,1385
რუსთავი,40,საუნჯე,1386
რუსთავი,40,"ქართული გიმნაზია",1387
რუსთავი,40,ჩაღლარი,1388
რუსთავი,40,ჩირაღდანი,1389
საგარეჯო,41,1,1390
საგარეჯო,41,2,1391
საგარეჯო,41,3,1392
საგარეჯო,41,4,1393
საგარეჯო,41,6,1394
საგარეჯო,41,ბადიაურის,1395
საგარეჯო,41,გიორგიწმინდის,1396
საგარეჯო,41,გომბორის,1397
საგარეჯო,41,"თამარ გარეჯელი",1398
საგარეჯო,41,თოხლიაურის,1399
საგარეჯო,41,"იაკობ გოგებაშვილის",1400
საგარეჯო,41,კაკაბეთის,1401
საგარეჯო,41,მანავის,1402
საგარეჯო,41,მზისგულის,1403
საგარეჯო,41,მუღანლოს,1404
საგარეჯო,41,ნინოწმინდის,1405
საგარეჯო,41,"პატარა ჩაილურის",1406
საგარეჯო,41,პატარძეულის,1407
საგარეჯო,41,"პატარძეულის ქართულ-ფრანგული",1408
საგარეჯო,41,საგარეჯოს,1409
საგარეჯო,41,უდაბნოს,1410
საგარეჯო,41,უჯარმის,1411
საგარეჯო,41,ქართულ-ფრანგული,1412
საგარეჯო,41,ყანდაურის,1413
საგარეჯო,41,შიბლიანის,1414
საგარეჯო,41,"შპს თამარი გარეჯელი",1415
საგარეჯო,41,ჩაილურის,1416
საგარეჯო,41,"წმინდა გიორგის",1417
საგარეჯო,41,წყაროსთავის,1418
საგარეჯო,41,ხაშმის,1419
სამტრედია,42,1,1420
სამტრედია,42,2,1421
სამტრედია,42,3,1422
სამტრედია,42,4,1423
სამტრედია,42,6,1424
სამტრედია,42,7,1425
სამტრედია,42,8,1426
სამტრედია,42,9,1427
სამტრედია,42,10,1428
სამტრედია,42,11,1429
სამტრედია,42,12,1430
სამტრედია,42,ბაშის,1431
სამტრედია,42,გომის,1432
სამტრედია,42,"დაბლა გომის",1433
სამტრედია,42,"დიდი ჯიხაიშის",1434
სამტრედია,42,"დიდი ჯიხაიშის 1",1435
სამტრედია,42,"დიდი ჯიხაიშის 3",1436
სამტრედია,42,ეწერის,1437
სამტრედია,42,ვაზისუბნის,1438
სამტრედია,42,"ვაზისუბნის დაწყებითი",1439
სამტრედია,42,იანეთის,1440
სამტრედია,42,კორმაღლის,1441
სამტრედია,42,კულაშის,1442
სამტრედია,42,მართლმადიდებლური,1443
სამტრედია,42,მელაურის,1444
სამტრედია,42,მკურნალის,1445
სამტრედია,42,მულაურის,1446
სამტრედია,42,ნაბაკევის,1447
სამტრედია,42,"ნაზარი ლეჟავას",1448
სამტრედია,42,ნიგორზღვის,1449
სამტრედია,42,ნოღის,1450
სამტრედია,42,"ოფეთის 1",1451
სამტრედია,42,საჯავახოს,1452
სამტრედია,42,ტოლების,1453
სამტრედია,42,ქვაყუდის,1454
სამტრედია,42,ქოლობნის,1455
სამტრედია,42,ღანირის,1456
სამტრედია,42,ჩხენიშის,1457
სამტრედია,42,ცოდნა,1458
სამტრედია,42,ჭაგნის,1459
სამტრედია,42,ჭოგნარის,1460
სამტრედია,42,კულაშის,1461
საჩხერე,43,1,1462
საჩხერე,43,2,1463
საჩხერე,43,3,1464
საჩხერე,43,არგვეთის,1465
საჩხერე,43,"გამოღმა არგვეთის",1466
საჩხერე,43,გორისის,1467
საჩხერე,43,"დარყის 2",1468
საჩხერე,43,იტავაზის,1469
საჩხერე,43,"კორბოულის 1",1470
საჩხერე,43,"კორბოულის 2",1471
საჩხერე,43,მახათაურის,1472
საჩხერე,43,მერჯევის,1473
საჩხერე,43,მოძვის,1474
საჩხერე,43,ორღულის,1475
საჩხერე,43,პერევისის,1476
საჩხერე,43,სავანის,1477
საჩხერე,43,საირხის,1478
საჩხერე,43,სარეკის,1479
საჩხერე,43,სისვაძეების,1480
საჩხერე,43,სპეთის,1481
საჩხერე,43,სხვიტორის,1482
საჩხერე,43,ქორეთის,1483
საჩხერე,43,ჩიხის,1484
საჩხერე,43,ცხომარეთის,1485
საჩხერე,43,"წმინდა ნინოს",1486
საჩხერე,43,ჭალის,1487
საჩხერე,43,ჭალოვნის,1488
საჩხერე,43,ჭორვილის,1489
საჩხერე,43,ჯალაურთის,1490
სენაკი,44,1,1491
სენაკი,44,2,1492
სენაკი,44,3,1493
სენაკი,44,4,1494
სენაკი,44,7,1495
სენაკი,44,"ალექსი შუშანიას",1496
სენაკი,44,"ამბროსი ხელაიას",1497
სენაკი,44,აპოდიქსი,1498
სენაკი,44,"აფხაზეთის 7",1499
სენაკი,44,ახალსოფლის,1500
სენაკი,44,განათლება,1501
სენაკი,44,გეჯეთის,1502
სენაკი,44,გიმნაზია,1503
სენაკი,44,ეკის,1504
სენაკი,44,ზანის,1505
სენაკი,44,"ზემო ფოცხოს",1506
სენაკი,44,"ზემო ჭალადიდის",1507
სენაკი,44,თეკლათის,1508
სენაკი,44,იესემი,1509
სენაკი,44,"კერძო სკოლა ლიცეუმი",1510
სენაკი,44,კოტიანეთის,1511
სენაკი,44,ლეძაძამეს,1512
სენაკი,44,ლიცეუმი,1513
სენაკი,44,"მაია მზარელუა",1514
სენაკი,44,მარიოტა,1515
სენაკი,44,მენჯის,1516
სენაკი,44,"მეორე ნოსირის",1517
სენაკი,44,ნოსირის,1518
სენაკი,44,"ნოსირის 2",1519
სენაკი,44,ნოქალაქევის,1520
სენაკი,44,პელაგონი,1521
სენაკი,44,სასულიერო,1522
სენაკი,44,"სკოლა გიმნაზია",1523
სენაკი,44,უშაფათის,1524
სენაკი,44,ფოცხოს,1525
სენაკი,44,"ქვემო ფოცხოს",1526
სენაკი,44,"ძველი სენაკის",1527
სენაკი,44,ხორშის,1528
სიღნაღი,45,1,1529
სიღნაღი,45,ანაგის,1530
სიღნაღი,45,ბოდბის,1531
სიღნაღი,45,ბოდბისხევის,1532
სიღნაღი,45,"ეტალონი 2015",1533
სიღნაღი,45,ვაქირის,1534
სიღნაღი,45,"ზემო ბოდბის 1",1535
სიღნაღი,45,ილიაწმინდის,1536
სიღნაღი,45,ინტელექტი,1537
სიღნაღი,45,მაღაროს,1538
სიღნაღი,45,მაჩხაანის,1539
სიღნაღი,45,ნუკრიანის,1540
სიღნაღი,45,"ნუკრიანის 1",1541
სიღნაღი,45,"პროგრესი 010",1542
სიღნაღი,45,საქობოს,1543
სიღნაღი,45,სიღნაღის,1544
სიღნაღი,45,ტიბაანის,1545
სიღნაღი,45,"ქვედა ბოდბის",1546
სიღნაღი,45,"ქვემო ბოდბის",1547
სიღნაღი,45,წნორის,1548
სიღნაღი,45,"წნორის 1",1549
სიღნაღი,45,"წნორის 3",1550
სიღნაღი,45,ხირსის,1551
სიღნაღი,45,"შპს პროგრესი 90",1552
ტყიბული,46,1,1553
ტყიბული,46,4,1554
ტყიბული,46,6,1555
ტყიბული,46,გელათის,1556
ტყიბული,46,გურნის,1557
ტყიბული,46,კურსების,1558
ტყიბული,46,ორპირის,1559
ტყიბული,46,ციხიას,1560
ტყიბული,46,ხრესილის,1561
ურეკი,47,ურეკის,1562
ურეკი,47,"წმინდა ნიკოლოზის",1563
ფოთი,48,1,1564
ფოთი,48,2,1565
ფოთი,48,3,1566
ფოთი,48,4,1567
ფოთი,48,5,1568
ფოთი,48,6,1569
ფოთი,48,7,1570
ფოთი,48,8,1571
ფოთი,48,11,1572
ფოთი,48,12,1573
ფოთი,48,14,1574
ფოთი,48,15,1575
ფოთი,48,"აფხაზეთის 21",1576
ფოთი,48,ბალავარი,1577
ფოთი,48,გიმნაზია,1578
ფოთი,48,"თამარ ფაჩულიას საავტორო სკოლა-გიმნაზია",1579
ფოთი,48,"ფაჩულიას გიმნაზია",1580
ფოთი,48,"შპს გიმნაზია",1581
ფოთი,48,"წმინდა ნიკოლოზის",1582
ფოთი,48,ჭალადიდის,1583
ქარელი,49,1,1584
ქარელი,49,2,1585
ქარელი,49,3,1586
ქარელი,49,აბანოს,1587
ქარელი,49,აბისის,1588
ქარელი,49,აგარის,1589
ქარელი,49,ავლევის,1590
ქარელი,49,"ატოცის საჯარო",1591
ქარელი,49,ახალდაბის,1592
ქარელი,49,ახალსოფლის,1593
ქარელი,49,ბებნისის,1594
ქარელი,49,ბერძენაულის,1595
ქარელი,49,ბრეთის,1596
ქარელი,49,გვერძინეთის,1597
ქარელი,49,გიმნაზია,1598
ქარელი,49,"გიორგი მთაწმინდელის",1599
ქარელი,49,დვანის,1600
ქარელი,49,დირბის,1601
ქარელი,49,ვაყის,1602
ქარელი,49,"ზემო ხვედურეთის",1603
ქარელი,49,ზეღდულეთის,1604
ქარელი,49,თამარაშენის,1605
ქარელი,49,კეხიჯვრის,1606
ქარელი,49,მოხისის,1607
ქარელი,49,რუისის,1608
ქარელი,49,"რუისის 1",1609
ქარელი,49,"რუისის 2",1610
ქარელი,49,"რუისის 3",1611
ქარელი,49,სამწევრისის,1612
ქარელი,49,სასირეთის,1613
ქარელი,49,სასულიერო,1614
ქარელი,49,საციხურის,1615
ქარელი,49,ტახტისძირის,1616
ქარელი,49,ურბნისის,1617
ქარელი,49,ფცის,1618
ქარელი,49,ქარელის,1619
ქარელი,49,"ქვემო ხვედურეთის",1620
ქარელი,49,ქვენატკოცის,1621
ქარელი,49,"ღირსი მამა გიორგი მთამინდელის",1622
ქარელი,49,ცერონისის,1623
ქარელი,49,ძლევიჯვრის,1624
ქარელი,49,"წმინდა გიორგის",1625
ქარელი,49,ხეობის,1626
ქედა,50,ახოს,1627
ქედა,50,გეგელიძეების,1628
ქედა,50,გოგიაშვილების,1629
ქედა,50,"დაბა ქედის",1630
ქედა,50,დანდალოს,1631
ქედა,50,ინაშარიძეების,1632
ქედა,50,კოლიტაურის,1633
ქედა,50,მერისის,1634
ქედა,50,ოქტომბრის,1635
ქედა,50,"პირველი მაისის",1636
ქედა,50,უჩხითის,1637
ქედა,50,"ქვედა მახუნცეთის",1638
ქედა,50,ძენწმანის,1639
ქედა,50,წონიარისის,1640
ქედა,50,ჯალაბაშვილების,1641
ქობულეთი,51,1,1642
ქობულეთი,51,2,1643
ქობულეთი,51,3,1644
ქობულეთი,51,5,1645
ქობულეთი,51,6,1646
ქობულეთი,51,8,1647
ქობულეთი,51,ალამბრის,1648
ქობულეთი,51,აჭყვას,1649
ქობულეთი,51,აჭყვისთავის,1650
ქობულეთი,51,ბობოყვათის,1651
ქობულეთი,51,ბუკნარის,1652
ქობულეთი,51,გვარას,1653
ქობულეთი,51,გორგაძეების,1654
ქობულეთი,51,დაგვას,1655
ქობულეთი,51,"ელიტ სქული",1656
ქობულეთი,51,"ზედა აჭყვას",1657
ქობულეთი,51,"ზედა კვირიკეს",1658
ქობულეთი,51,"ზედა სამების",1659
ქობულეთი,51,ზენითის,1660
ქობულეთი,51,"კვირიკეს 1",1661
ქობულეთი,51,"კვირიკეს 2",1662
ქობულეთი,51,"კირიონ მეორის",1663
ქობულეთი,51,კონდიდის,1664
ქობულეთი,51,ლეღვას,1665
ქობულეთი,51,"ლეღვას 1",1666
ქობულეთი,51,"ლეღვას 2",1667
ქობულეთი,51,ლიცეუმი,1668
ქობულეთი,51,"მედიანა 2011",1669
ქობულეთი,51,"მეფე დავითის",1670
ქობულეთი,51,მუხაესტატეს,1671
ქობულეთი,51,ნაკაიძეების,1672
ქობულეთი,51,ოჩხამურის,1673
ქობულეთი,51,სამების,1674
ქობულეთი,51,სასულიერო,1675
ქობულეთი,51,საჩინოს,1676
ქობულეთი,51,სახალვაშოს,1677
ქობულეთი,51,სკურას,1678
ქობულეთი,51,"სოფელ ქობულეთის",1679
ქობულეთი,51,ფარნავაზი,1680
ქობულეთი,51,ქაქუთის,1681
ქობულეთი,51,"ქვედა კვირიკეს",1682
ქობულეთი,51,"ქვედა სამების",1683
ქობულეთი,51,"ქვემო სამების",1684
ქობულეთი,51,ქობულეთის,1685
ქობულეთი,51,შუაღელის,1686
ქობულეთი,51,"ჩაისუბნის 2",1687
ქობულეთი,51,"ჩაქვის 2",1688
ქობულეთი,51,"ცეცხლაურის 1",1689
ქობულეთი,51,"ცეცხლაურის 2",1690
ქობულეთი,51,ციხისძირის,1691
ქობულეთი,51,წყავროკის,1692
ქობულეთი,51,წყაროსთავის,1693
ქობულეთი,51,ჭახათის,1694
ქობულეთი,51,ხალას,1695
ქობულეთი,51,ხუცუბნის,1696
ქობულეთი,51,ჯიხანჯურის,1697
ქუთაისი,2,1,1698
ქუთაისი,2,2,1699
ქუთაისი,2,3,1700
ქუთაისი,2,4,1701
ქუთაისი,2,5,1702
ქუთაისი,2,6,1703
ქუთაისი,2,7,1704
ქუთაისი,2,8,1705
ქუთაისი,2,9,1706
ქუთაისი,2,10,1707
ქუთაისი,2,11,1708
ქუთაისი,2,12,1709
ქუთაისი,2,13,1710
ქუთაისი,2,14,1711
ქუთაისი,2,15,1712
ქუთაისი,2,16,1713
ქუთაისი,2,17,1714
ქუთაისი,2,19,1715
ქუთაისი,2,20,1716
ქუთაისი,2,21,1717
ქუთაისი,2,22,1718
ქუთაისი,2,23,1719
ქუთაისი,2,24,1720
ქუთაისი,2,25,1721
ქუთაისი,2,26,1722
ქუთაისი,2,27,1723
ქუთაისი,2,28,1724
ქუთაისი,2,29,1725
ქუთაისი,2,30,1726
ქუთაისი,2,31,1727
ქუთაისი,2,32,1728
ქუთაისი,2,33,1729
ქუთაისი,2,34,1730
ქუთაისი,2,35,1731
ქუთაისი,2,36,1732
ქუთაისი,2,37,1733
ქუთაისი,2,38,1734
ქუთაისი,2,40,1735
ქუთაისი,2,41,1736
ქუთაისი,2,"21 საუკუნე",1737
ქუთაისი,2,"ალმა მატერი",1738
ქუთაისი,2,აფხაზეთის,1739
ქუთაისი,2,"აფხაზეთის 5",1740
ქუთაისი,2,"აფხაზეთის 6",1741
ქუთაისი,2,"ახალი ქართული სკოლა",1742
ქუთაისი,2,გიმნაზია,1743
ქუთაისი,2,გონი,1744
ქუთაისი,2,გოქაძე,1745
ქუთაისი,2,დემირელი,1746
ქუთაისი,2,ერუდიტი,1747
ქუთაისი,2,"იაკობ გოგებაშვილის",1748
ქუთაისი,2,იმედი,1749
ქუთაისი,2,ინტელექტი,1750
ქუთაისი,2,"კადეტთა სამხედრო ლიცეუმი",1751
ქუთაისი,2,კაჯიეხელის,1752
ქუთაისი,2,კვანტი,1753
ქუთაისი,2,ლამპარი,1754
ქუთაისი,2,მერმისი,1755
ქუთაისი,2,მომავალი,1756
ქუთაისი,2,მომავლის,1757
ქუთაისი,2,ნიკოლაძის,1758
ქუთაისი,2,პროგრესი,1759
ქუთაისი,2,"სიმონეთის 1",1760
ქუთაისი,2,ტოლების,1761
ქუთაისი,2,"ქართული სკოლა",1762
ქუთაისი,2,ქეიჯიესელი,1763
ქუთაისი,2,"ღონე ქვეყნისა",1764
ქუთაისი,2,"წმინდა ნინოს",1765
ყაზბეგი,53,არშის,1766
ყაზბეგი,53,გუდაურის,1767
ყვარელი,54,1,1768
ყვარელი,54,2,1769
ყვარელი,54,ალმატის,1770
ყვარელი,54,"ახალსოფლის 2",1771
ყვარელი,54,ბალღოჯიანის,1772
ყვარელი,54,გავაზის,1773
ყვარელი,54,ენისელის,1774
ყვარელი,54,ზინობიანის,1775
ყვარელი,54,"ილია მართლის",1776
ყვარელი,54,საბუის,1777
ყვარელი,54,სანავარდოს,1778
ყვარელი,54,შაქრიანის,1779
ყვარელი,54,"შილდის 1",1780
ყვარელი,54,"შილდის 2",1781
ყვარელი,54,წიწკანაანთსერის,1782
ყვარელი,54,ჭიკაანის,1783
შუახევი,55,ბრილის,1784
შუახევი,55,ბუთურაულის,1785
შუახევი,55,"გრიგოლ ხანძთელის",1786
შუახევი,55,კვიახიძეების,1787
შუახევი,55,ნაღვარევის,1788
შუახევი,55,ნიგაზეულის,1789
შუახევი,55,ტაკიძეების,1790
შუახევი,55,ფურტიოს,1791
შუახევი,55,შუახევის,1792
შუახევი,55,ჩანჩხალოს,1793
შუახევი,55,ცინარეთის,1794
შუახევი,55,ცხემლისის,1795
შუახევი,55,წაბლანის,1796
შუახევი,55,წყაროთის,1797
შუახევი,55,ჭალის,1798
შუახევი,55,ჭვანის,1799
შუახევი,55,ხაბელაშვილების,1800
შუახევი,55,ხიჭაურის,1801
ჩოხატაური,56,1,1802
ჩოხატაური,56,ბასილეთის,1803
ჩოხატაური,56,სამრევლოს,1804
ჩოხატაური,56,სასულიერო,1805
ჩოხატაური,56,ქვენობნის,1806
ჩოხატაური,56,"ყოვლადწმინდა ღვთისმშობლის",1807
ჩოხატაური,56,ჩოხატაურის,1808
ჩოხატაური,56,ჩხაკოურის,1809
ჩხოროწყუ,57,1,1810
ჩხოროწყუ,57,2,1811
ჩხოროწყუ,57,3,1812
ჩხოროწყუ,57,"აფხაზეთის 10",1813
ჩხოროწყუ,57,"ახუთის 1",1814
ჩხოროწყუ,57,"ახუთის 2",1815
ჩხოროწყუ,57,ზუმის,1816
ჩხოროწყუ,57,თაიას,1817
ჩხოროწყუ,57,"კირცხის 1",1818
ჩხოროწყუ,57,"კირცხის 2",1819
ჩხოროწყუ,57,ლესიჭინეს,1820
ჩხოროწყუ,57,ლეწურწუმეს,1821
ჩხოროწყუ,57,"მეორე ჭოღის",1822
ჩხოროწყუ,57,"მოდინახეს 1",1823
ჩხოროწყუ,57,მუხურის,1824
ჩხოროწყუ,57,"მუხურის 1",1825
ჩხოროწყუ,57,"მუხურის 2",1826
ჩხოროწყუ,57,ნაკიანის,1827
ჩხოროწყუ,57,ნაფიჩხოვოს,1828
ჩხოროწყუ,57,"პირველი ჭოღის",1829
ჩხოროწყუ,57,ქვედა,1830
ჩხოროწყუ,57,"ქვედა ჩხოროწყუს",1831
ჩხოროწყუ,57,ჭოღის,1832
ჩხოროწყუ,57,"ჭოღის 2",1833
ჩხოროწყუ,57,"ხაბუმეს 1",1834
ჩხოროწყუ,57,"ხაბუმეს 3",1835
ჩხოროწყუ,57,ჯგალის,1836
ცაგერი,58,1,1837
ცაგერი,58,ბარდნალის,1838
ცაგერი,58,ზუბის,1839
ცაგერი,58,ლაჯანის,1840
ცაგერი,58,"ქვედა ცაგერის",1841
ცაგერი,58,ცაგერის,1842
წალენჯიხა,59,1,1843
წალენჯიხა,59,2,1844
წალენჯიხა,59,3,1845
წალენჯიხა,59,4,1846
წალენჯიხა,59,5,1847
წალენჯიხა,59,6,1848
წალენჯიხა,59,7,1849
წალენჯიხა,59,ეწერის,1850
წალენჯიხა,59,თაიას,1851
წალენჯიხა,59,"ლიის 1",1852
წალენჯიხა,59,"ლიის 2",1853
წალენჯიხა,59,ლიცეუმი,1854
წალენჯიხა,59,"მაზანდარის 4",1855
წალენჯიხა,59,მედანის,1856
წალენჯიხა,59,"მიქავას 1",1857
წალენჯიხა,59,"მიქავას 2",1858
წალენჯიხა,59,მუჟავას,1859
წალენჯიხა,59,"ნაკიფუს 1",1860
წალენჯიხა,59,"ნაფიჩხოვოს 1",1861
წალენჯიხა,59,"ობუჯის 1",1862
წალენჯიხა,59,"ობუჯის 2",1863
წალენჯიხა,59,ოჭანეს,1864
წალენჯიხა,59,"საკალანდიოს 3",1865
წალენჯიხა,59,"საჩინოს 1",1866
წალენჯიხა,59,"საჩინოს 2",1867
წალენჯიხა,59,"ფახულანის 1",1868
წალენჯიხა,59,"ფახულანის 2",1869
წალენჯიხა,59,ქიაჩი,1870
წალენჯიხა,59,ჩქვალერის,1871
წალენჯიხა,59,"ჭალის 1",1872
წალენჯიხა,59,"ჭალის 2",1873
წალენჯიხა,59,ჯგალის,1874
წალენჯიხა,59,"ჯვარის 1",1875
წალენჯიხა,59,"ჯვარის 2",1876
წალენჯიხა,59,"ჯვარის 3",1877
წალენჯიხა,59,"ჯვარის 4",1878
წალკა,60,1,1879
წალკა,60,2,1880
წალკა,60,არწივნის,1881
წალკა,60,ახალშენის,1882
წალკა,60,ბარეთის,1883
წალკა,60,ბედიანის,1884
წალკა,60,ბეშთაშენის,1885
წალკა,60,განთიადის,1886
წალკა,60,გუმბათის,1887
წალკა,60,დარაქოვის,1888
წალკა,60,დაშბაშის,1889
წალკა,60,"ზედა სკოლა",1890
წალკა,60,თრიალეთის,1891
წალკა,60,იმერის,1892
წალკა,60,კიზილკილისის,1893
წალკა,60,ნარდევანის,1894
წალკა,60,რეხის,1895
წალკა,60,საბეჭისის,1896
წალკა,60,სამების,1897
წალკა,60,საყდრიონის,1898
წალკა,60,ტბეთის,1899
წალკა,60,წალკის,1900
წალკა,60,წინწყაროს,1901
წალკა,60,"ხადიკის (ტბეთი)",1902
წალკა,60,ხანდოს,1903
წალკა,60,ხარების,1904
წალკა,60,ხაჩკოვის,1905
წალკა,60,ჯინისის,1906
წყალტუბო,61,1,1907
წყალტუბო,61,2,1908
წყალტუბო,61,3,1909
წყალტუბო,61,4,1910
წყალტუბო,61,"ახალი საყულიის",1911
წყალტუბო,61,ბანოჯის,1912
წყალტუბო,61,ბროწეულას,1913
წყალტუბო,61,"გაბრიელ ეპისკოპოსის",1914
წყალტუბო,61,"გეგუთის 1",1915
წყალტუბო,61,"გეგუთის 2",1916
წყალტუბო,61,გვიშტიბის,1917
წყალტუბო,61,გიმნაზია,1918
წყალტუბო,61,გუბისწყლის,1919
წყალტუბო,61,გუმათის,1920
წყალტუბო,61,დერჩის,1921
წყალტუბო,61,"დერჩის 1",1922
წყალტუბო,61,დღნორისის,1923
წყალტუბო,61,ვარციხჰესების,1924
წყალტუბო,61,"ზედა მესხეთის ბროწეულას",1925
წყალტუბო,61,კურსების,1926
წყალტუბო,61,"მაღლაკის 1",1927
წყალტუბო,61,"მაღლაკის 2",1928
წყალტუბო,61,"მეორე უბნის",1929
წყალტუბო,61,მესხეთის,1930
წყალტუბო,61,მუხიანის,1931
წყალტუბო,61,ორპირის,1932
წყალტუბო,61,ოფურჩხეთის,1933
წყალტუბო,61,ოფშკვითის,1934
წყალტუბო,61,ოცნება,1935
წყალტუბო,61,პატრიკეთის,1936
წყალტუბო,61,ჟონეთის,1937
წყალტუბო,61,რიონის,1938
წყალტუბო,61,"რიონის 2",1939
წყალტუბო,61,სასულიერო,1940
წყალტუბო,61,საყულიის,1941
წყალტუბო,61,სორმონის,1942
წყალტუბო,61,"სოფელ წყალტუბოს",1943
წყალტუბო,61,ტყაჩირის,1944
წყალტუბო,61,"ფარცხანაყანევის 1",1945
წყალტუბო,61,"ფარცხანაყანევის 2",1946
წყალტუბო,61,"ფარცხანაყანევის 3",1947
წყალტუბო,61,"ფარცხანაყანევის 4",1948
წყალტუბო,61,ქვილიშორის,1949
წყალტუბო,61,ქვიტირის,1950
წყალტუბო,61,ყუმისთავის,1951
წყალტუბო,61,ჩუნეშის,1952
წყალტუბო,61,"ცხუნკურის 1",1953
წყალტუბო,61,"ცხუნკურის 2",1954
წყალტუბო,61,წითელხევის,1955
წყალტუბო,61,წყალტუბოს,1956
წყალტუბო,61,ჭოგნარის,1957
ჭიათურა,62,1,1958
ჭიათურა,62,2,1959
ჭიათურა,62,3,1960
ჭიათურა,62,4,1961
ჭიათურა,62,5,1962
ჭიათურა,62,7,1963
ჭიათურა,62,"ანდრია პირველწოდებულის",1964
ჭიათურა,62,ბერეთისის,1965
ჭიათურა,62,გეზრულის,1966
ჭიათურა,62,დარკვეთის,1967
ჭიათურა,62,ეწერის,1968
ჭიათურა,62,ვაჭევის,1969
ჭიათურა,62,"ზედა უსახელოს",1970
ჭიათურა,62,"ზემო ჭალადიდის",1971
ჭიათურა,62,ზოდის,1972
ჭიათურა,62,თაბაგრების,1973
ჭიათურა,62,ითხვისის,1974
ჭიათურა,62,"ითხვისის 1",1975
ჭიათურა,62,"ითხვისის 2",1976
ჭიათურა,62,კაცხის,1977
ჭიათურა,62,"კორბოულის 2",1978
ჭიათურა,62,ლიცეუმი,1979
ჭიათურა,62,მანდაეთის,1980
ჭიათურა,62,მართლმადიდებლური,1981
ჭიათურა,62,მერევის,1982
ჭიათურა,62,მეჩხეთურის,1983
ჭიათურა,62,მორძგვეთის,1984
ჭიათურა,62,ნავარძეთის,1985
ჭიათურა,62,ნიგოზეთის,1986
ჭიათურა,62,ნილემი,1987
ჭიათურა,62,პერევისის,1988
ჭიათურა,62,რგანის,1989
ჭიათურა,62,რცხილათის,1990
ჭიათურა,62,სასულიერო,1991
ჭიათურა,62,სვერის,1992
ჭიათურა,62,სკინდორის,1993
ჭიათურა,62,ტყემლოვანის,1994
ჭიათურა,62,უსახელოს,1995
ჭიათურა,62,ქვაციხის,1996
ჭიათურა,62,"ქვედა ზოდის",1997
ჭიათურა,62,"ქვედა უსახელოს",1998
ჭიათურა,62,ღვითორის,1999
ჭიათურა,62,შუქრუთის,2000
ჭიათურა,62,"შუქრუთის 2",2001
ჭიათურა,62,ცხრუკვეთის,2002
ჭიათურა,62,წასრის,2003
ჭიათურა,62,წირქვალის,2004
ჭიათურა,62,წყალშავის,2005
ჭიათურა,62,ჭირქვალის,2006
ჭიათურა,62,ჭორვილის,2007
ჭიათურა,62,ხალიფაურის,2008
ჭიათურა,62,ხვაშითის,2009
ჭიათურა,62,"ხრეითის 1",2010
ჭიათურა,62,"ხრეითის 2",2011
ჭიათურა,62,ჯვარიეწრის,2012
ხარაგაული,63,1,2013
ხარაგაული,63,2,2014
ხარაგაული,63,3,2015
ხარაგაული,63,"ანდრია პირველწოდებულის",2016
ხარაგაული,63,ბაზალეთის,2017
ხარაგაული,63,ბორითის,2018
ხარაგაული,63,ბორის,2019
ხარაგაული,63,გედსამანიის,2020
ხარაგაული,63,"დაბა ხარაგაულის 3",2021
ხარაგაული,63,ვარძიის,2022
ხარაგაული,63,ვახანის,2023
ხარაგაული,63,ვერტყვიჭალის,2024
ხარაგაული,63,ზვარეს,2025
ხარაგაული,63,კაცხის,2026
ხარაგაული,63,კიცხის,2027
ხარაგაული,63,ლაშის,2028
ხარაგაული,63,ლეღვანის,2029
ხარაგაული,63,მარელისის,2030
ხარაგაული,63,მოლითის,2031
ხარაგაული,63,ნადაბურის,2032
ხარაგაული,63,საღანძილის,2033
ხარაგაული,63,უბისის,2034
ხარაგაული,63,ღორეშის,2035
ხარაგაული,63,წიფის,2036
ხარაგაული,63,წყალაფორეთის,2037
ხარაგაული,63,ხევის,2038
ხარაგაული,63,ხიდრის,2039
ხარაგაული,63,ხუნევის,2040
ხაშური,64,1,2041
ხაშური,64,2,2042
ხაშური,64,4,2043
ხაშური,64,5,2044
ხაშური,64,6,2045
ხაშური,64,7,2046
ხაშური,64,8,2047
ხაშური,64,9,2048
ხაშური,64,14,2049
ხაშური,64,აბისის,2050
ხაშური,64,ალის,2051
ხაშური,64,აძვისის,2052
ხაშური,64,ბეკმის,2053
ხაშური,64,ბეღლითის,2054
ხაშური,64,ბრილის,2055
ხაშური,64,ბროლოსნის,2056
ხაშური,64,გომის,2057
ხაშური,64,ვაყის,2058
ხაშური,64,ზვარის,2059
ხაშური,64,თამარაშენის,2060
ხაშური,64,"ილია ჭავჭავაძის",2061
ხაშური,64,მახატბერის,2062
ხაშური,64,მოხისის,2063
ხაშური,64,ნაბახტევის,2064
ხაშური,64,ოსიაურის,2065
ხაშური,64,ოძისის,2066
ხაშური,64,სატივის,2067
ხაშური,64,"სურამის 1",2068
ხაშური,64,"სურამის 2",2069
ხაშური,64,"სურამის 3",2070
ხაშური,64,"სურამის 4",2071
ხაშური,64,"სურამის რუსული სკოლა",2072
ხაშური,64,ტეზრის,2073
ხაშური,64,ტკოცის,2074
ხაშური,64,ფლევის,2075
ხაშური,64,ქემფრის,2076
ხაშური,64,"ქვემო გომის",2077
ხაშური,64,ქვიშხეთის,2078
ხაშური,64,"ქვიშხეთის 1",2079
ხაშური,64,ქინძათის,2080
ხაშური,64,ცხრამუხის,2081
ხაშური,64,წაღვლის,2082
ხაშური,64,წაჩხურას,2083
ხაშური,64,წრომის,2084
ხაშური,64,ხცისის,2085
ხაშური,64,3,2086
ხაშური,64,"დიმიტრი ყიფიანის",2087
ხელვაჩაური,65,1,2088
ხელვაჩაური,65,3,2089
ხელვაჩაური,65,აგარის,2090
ხელვაჩაური,65,აჭარისაღმართის,2091
ხელვაჩაური,65,აჭარისწყლის,2092
ხელვაჩაური,65,ახალსოფლის,2093
ხელვაჩაური,65,ახალშენის,2094
ხელვაჩაური,65,"ახალშენის 1",2095
ხელვაჩაური,65,"ახალშენის 2",2096
ხელვაჩაური,65,ახოს,2097
ხელვაჩაური,65,განთიადის,2098
ხელვაჩაური,65,ერგეს,2099
ხელვაჩაური,65,"ზედა განთიადის",2100
ხელვაჩაური,65,"ზედა თხილნარის",2101
ხელვაჩაური,65,"ზედა ჩხუტუნეთის",2102
ხელვაჩაური,65,"ზემო ახალშენის",2103
ხელვაჩაური,65,"ზემო წინსვლის",2104
ხელვაჩაური,65,თხილნარის,2105
ხელვაჩაური,65,"თხილნარის 1",2106
ხელვაჩაური,65,"თხილნარის 2",2107
ხელვაჩაური,65,კირნათის,2108
ხელვაჩაური,65,მარადიდის,2109
ხელვაჩაური,65,"მატათა მოციქულის",2110
ხელვაჩაური,65,მახვილაურის,2111
ხელვაჩაური,65,მახინჯაურის,2112
ხელვაჩაური,65,"სალიბაურის 1",2113
ხელვაჩაური,65,"სალიბაურის 2",2114
ხელვაჩაური,65,საჩინოს,2115
ხელვაჩაური,65,უჩხითის,2116
ხელვაჩაური,65,ფერიის,2117
ხელვაჩაური,65,ფურტიოს,2118
ხელვაჩაური,65,ქედის,2119
ხელვაჩაური,65,ქედქედის,2120
ხელვაჩაური,65,"ქვემო მახოს",2121
ხელვაჩაური,65,ყოროლისთავის,2122
ხელვაჩაური,65,ჩელტის,2123
ხელვაჩაური,65,ჩიქუნეთის,2124
ხელვაჩაური,65,ჩხუტუნეთის,2125
ხელვაჩაური,65,წინსვლის,2126
ხელვაჩაური,65,ჭარნალის,2127
ხობი,66,1,2128
ხობი,66,2,2129
ხობი,66,3,2130
ხობი,66,არეა,2131
ხობი,66,"ახალი ხიბულის 1",2132
ხობი,66,"ახალი ხიბულის 2",2133
ხობი,66,ახალსოფლის,2134
ხობი,66,ბიის,2135
ხობი,66,გურიფულის,2136
ხობი,66,"ზემო ქვალონის",2137
ხობი,66,თორსის,2138
ხობი,66,"მეორე გურიფულის",2139
ხობი,66,ნოჯიხევის,2140
ხობი,66,"ნოჯიხევის 1",2141
ხობი,66,"ნოჯიხევის 2",2142
ხობი,66,"პატარა ფოთის",2143
ხობი,66,"პირველი მაისის",2144
ხობი,66,"პირველი ხორგის",2145
ხობი,66,საბაზო,2146
ხობი,66,"საჯიჯაოს 1",2147
ხობი,66,ქარიატის,2148
ხობი,66,"ქვედა ქვალონის 1",2149
ხობი,66,"ქვემო ქვალონის 1",2150
ხობი,66,"ქვემო ქვალონის 2",2151
ხობი,66,ყულევის,2152
ხობი,66,შავღელის,2153
ხობი,66,"შუა ხორგის",2154
ხობი,66,"ძველი ხიბულის",2155
ხობი,66,ჭალადიდის,2156
ხობი,66,ხამისკურის,2157
ხობი,66,ხობის,2158
ხონი,67,1,2159
ხონი,67,2,2160
ხონი,67,3,2161
ხონი,67,4,2162
ხონი,67,ახალბედისეულის,2163
ხონი,67,ახალშენის,2164
ხონი,67,გიმნაზია,2165
ხონი,67,გორდის,2166
ხონი,67,გუბის,2167
ხონი,67,დედალაურის,2168
ხონი,67,"დიდი კუხის",2169
ხონი,67,ივანდიდის,2170
ხონი,67,კონტუათის,2171
ხონი,67,კუხის,2172
ხონი,67,"ლუკა ჩომახიძის",2173
ხონი,67,მათხოჯის,2174
ხონი,67,"მალხაზ აბაშიძის",2175
ხონი,67,ნამაშევის,2176
ხონი,67,ნახახულევის,2177
ხონი,67,"პატარა ჯიხაიშის",2178
ხონი,67,როხის,2179
ხონი,67,საწულუკიძეოს,2180
ხონი,67,სუხჩის,2181
ხონი,67,"ტექნიკური შემოქმედების გიმნაზია",2182
ხონი,67,ქუტირის,2183
ხონი,67,"ჩაის მეურნეობის",2184
ხონი,67,ძეძილეთის,2185
ხონი,67,წითელვარსკვლავის,2186
ხონი,67,ხიდის,2187
ხონი,67,ხონის,2188
ხულო,68,ბოძაურის,2189
ხულო,68,გორგაძეების,2190
ხულო,68,დიდაჭარის,2191
ხულო,68,დიოკნისის,2192
ხულო,68,"ზემო ვაშლოვნის",2193
ხულო,68,თაგოს,2194
ხულო,68,ირემაძეების,2195
ხულო,68,მანიაკეთის,2196
ხულო,68,"ტბელ აბუსერიძის",2197
ხულო,68,ტუნაძეების,2198
ხულო,68,ფაჩხის,2199
ხულო,68,ქედლების,2200
ხულო,68,"ქვემო ვაშლოვნის",2201
ხულო,68,ჩაოს,2202
ხულო,68,წაბლანის,2203
