ქალაქი,ID ქალაქი,სკოლა,ID სკოლა,სკოლის ფიქსირებული ID
აბაშა,5,1,1,1271
აბაშა,5,2,2,1258
აბაშა,5,განათლების კარი,3,1268
აბაშა,5,გეზათის,4,1265
აბაშა,5,ეწერის,5,1264
აბაშა,5,ზანათის,6,1273
აბაშა,5,კეთილარის,7,1252
აბაშა,5,კვათანის,8,1260
აბაშა,5,მაიდნის,9,1254
აბაშა,5,მარნის,17,1261
აბაშა,5,მაცხოვრისკარის,10,1600
აბაშა,5,ნაესაკოვოს,18,1259
აბაშა,5,ნოღოხაშის,19,1270
აბაშა,5,ონტოფოს,20,1262
აბაშა,5,პირველი მაისის,11,1272
აბაშა,5,საგვაზავოს,21,1266
აბაშა,5,სამიქაოს,22,1253
აბაშა,5,სეფიეთის,12,1256
აბაშა,5,სუჯუნის,13,1267
აბაშა,5,ტყვირის,23,1255
აბაშა,5,ქოლობნის,14,1263
აბაშა,5,ძველი აბაშის,15,1257
აბაშა,5,წყემის,16,1251
ადიგენი,6,2,24,3002
ადიგენი,6,აბასთუმნის,25,1840
ადიგენი,6,არალის,26,1842
ადიგენი,6,არლის,27,1842
ადიგენი,6,ბენარის,28,1843
ადიგენი,6,გომაროს,29,1845
ადიგენი,6,დაბა აბასთუმნის,30,1840
ადიგენი,6,დაბა ადიგენის,31,1846
ადიგენი,6,დიდი სმადის,32,1848
ადიგენი,6,ვარხანის,33,1849
ადიგენი,6,ზანავის,34,1850
ადიგენი,6,იმერთუბნის,35,3004
ადიგენი,6,კახარეთის,36,1852
ადიგენი,6,ლელოვნის,37,1853
ადიგენი,6,მოხის,38,1855
ადიგენი,6,სმადის,39,1848
ადიგენი,6,უდის 1,40,1856
ადიგენი,6,უდის 2,41,1857
ადიგენი,6,ღორძის,42,3007
ადიგენი,6,წახანის,43,1861
ადიგენი,6,ხევაშენის,44,1864
ადიგენი,6,ჯახარეთის,45,
ამბროლაური,7,2,46,1867
ამბროლაური,7,ბუგეულის,47,1869
ამბროლაური,7,მეორე ტოლის,48,3008
ამბროლაური,7,ჭრებალოს,49,1884
ასპინძა,8,1,50,1890
ასპინძა,8,დაბა ასპინძის,51,1890
ასპინძა,8,ზველის,52,1892
ასპინძა,8,იდუმალის,53,1893
ასპინძა,8,ივერიის,54,1894
ასპინძა,8,მირაშხანის,55,1895
ასპინძა,8,ნაქალაქევის,56,1896
ასპინძა,8,ოთის,57,1898
ასპინძა,8,ორგორის,58,1899
ასპინძა,8,ოშორის,59,1900
ასპინძა,8,რუსთავის,60,1901
ასპინძა,8,საროს,61,1902
ასპინძა,8,სოფელ რუსთავის,62,1901
ასპინძა,8,ტოლოშის,63,1903
ასპინძა,8,ჭობარეთის,64,1904
ასპინძა,8,ხერთვისის,65,1905
ასპინძა,8,ხიზაბავრის,66,1906
ახალქალაქი,9,2,67,1908
ახალქალაქი,9,3,68,1909
ახალქალაქი,9,4,69,1910
ახალქალაქი,9,გოგაშენის,70,1929
ახალქალაქი,9,ილია ჭავჭავაძის,71,1909
ახალქალაქი,9,ოკამის 1,72,1956
ახალქალაქი,9,საჯარო,73,3010
ახალქალაქი,9,ხულგუმოს,74,1971
ახალციხე,10,1,75,446
ახალციხე,10,2,76,449
ახალციხე,10,3,77,455
ახალციხე,10,4,78,442
ახალციხე,10,5,79,440
ახალციხე,10,6,80,435
ახალციხე,10,ანდრია პირველწოდებულის,81,430
ახალციხე,10,ანდრიაწმინდის,82,430
ახალციხე,10,ანის,83,441
ახალციხე,10,არლის,84,3011
ახალციხე,10,ასპინძის,85,1890
ახალციხე,10,აწყურის,86,454
ახალციხე,10,ბენარის,87,1843
ახალციხე,10,გურკელის,88,429
ახალციხე,10,დიდი პამაჯის,89,420
ახალციხე,10,დიდი ჰამაჯის,90,420
ახალციხე,10,ვალეს 1,91,452
ახალციხე,10,ვალეს 2,92,427
ახალციხე,10,ვალეს 3,93,447
ახალციხე,10,ვარხანის,94,3012
ახალციხე,10,ზარზმის,95,1851
ახალციხე,10,ზიკილიის,96,428
ახალციხე,10,თისელის,97,451
ახალციხე,10,კლდის,98,444
ახალციხე,10,ლელოვნის,99,1853
ახალციხე,10,მზექა,100,3014
ახალციხე,10,მინაძის,101,439
ახალციხე,10,მუსხის,102,443
ახალციხე,10,საყუნეთის,103,453
ახალციხე,10,სვირის,104,3015
ახალციხე,10,სხვილისის,105,448
ახალციხე,10,ურავლის,106,426
ახალციხე,10,ურვალის,107,432
ახალციხე,10,ფერსის,108,432
ახალციხე,10,ღრელის,109,421
ახალციხე,10,წინუბნის,110,422
ახალციხე,10,წნისის,111,425
ახალციხე,10,წყალთბილის,112,434
ახალციხე,10,ჭვინთის,113,423
ახალციხე,10,ჭობისხევის,114,3016
ახალციხე,10,ხეოთის,115,433
ახალციხე,10,ხერხემის,116,742
ახმეტა,11,1,117,1973
ახმეტა,11,2,118,1974
ახმეტა,11,3,119,1975
ახმეტა,11,არგოხის საბაზო,120,3018
ახმეტა,11,აწყურის,121,1976
ახმეტა,11,დუისის,122,1978
ახმეტა,11,ზემო ალვნის 1,123,1980
ახმეტა,11,ზემო ალვნის 2,124,1981
ახმეტა,11,მატნის,125,1983
ახმეტა,11,მატნის 2,126,1984
ახმეტა,11,მაღრაანის,127,1985
ახმეტა,11,ნადუქნარის,128,1986
ახმეტა,11,ოჟიოს,129,1988
ახმეტა,11,საკობიანოს,130,1990
ახმეტა,11,ქვემო ალვანის,131,1991
ახმეტა,11,ქისტაურის,132,1992
ახმეტა,11,ყვარელწყლის,133,1993
ახმეტა,11,ხორხელის,134,1994
ბათუმი,3,1,135,1830
ბათუმი,3,10,144,258
ბათუმი,3,11,145,274
ბათუმი,3,13,146,267
ბათუმი,3,14,147,264
ბათუმი,3,15,148,259
ბათუმი,3,16,149,261
ბათუმი,3,17,150,268
ბათუმი,3,18,151,257
ბათუმი,3,2,136,1831
ბათუმი,3,20,152,269
ბათუმი,3,21,153,3021
ბათუმი,3,21 საუკუნე,163,650
ბათუმი,3,22,154,256
ბათუმი,3,23,155,277
ბათუმი,3,25,156,260
ბათუმი,3,26,157,275
ბათუმი,3,27,158,278
ბათუმი,3,28,159,279
ბათუმი,3,29,160,276
ბათუმი,3,3,137,1832
ბათუმი,3,30,161,254
ბათუმი,3,31,162,270
ბათუმი,3,4,138,272
ბათუმი,3,5,139,263
ბათუმი,3,6,140,265
ბათუმი,3,7,141,266
ბათუმი,3,8,142,255
ბათუმი,3,9,143,273
ბათუმი,3,აიენტი,164,3023
ბათუმი,3,ანდრია პირველწოდებულის,165,658
ბათუმი,3,არილი,166,664
ბათუმი,3,ასლან შაინიძის,167,3024
ბათუმი,3,აჭარისწყლის,168,2577
ბათუმი,3,ახალ ლიის საჯარო,169,
ბათუმი,3,ახალსოფლის,170,2578
ბათუმი,3,ახალშენის 1,171,2579
ბათუმი,3,ახალშენის 2,172,2580
ბათუმი,3,ახოს,173,2594
ბათუმი,3,ბავშვთა სახლი,174,
ბათუმი,3,ბენზეს,175,
ბათუმი,3,განათლება,176,657
ბათუმი,3,განთიადის,177,3028
ბათუმი,3,გიმნაზია,178,661
ბათუმი,3,გორდა,179,663
ბათუმი,3,გრიგოლ ხანძთელის,180,2467
ბათუმი,3,დაბა შუახევის,181,4163
ბათუმი,3,დავით აღმაშენებლის გიმნაზია,182,
ბათუმი,3,ევრო 2000,183,660
ბათუმი,3,ერგეს,184,2583
ბათუმი,3,ზედა აჭყვას,185,1321
ბათუმი,3,ზედა ახალშენის,186,2585
ბათუმი,3,ზედა განთიადის,187,2584
ბათუმი,3,ზედა თხილნარის,188,2586
ბათუმი,3,ზედა კირნათის,189,2591
ბათუმი,3,ზედა ჩხუტუნეთის,190,2605
ბათუმი,3,ზემო ახალშენის,191,2585
ბათუმი,3,ზემო წინსვლის,192,2587
ბათუმი,3,თაობა 21,193,651
ბათუმი,3,თხილნარის 1,194,2588
ბათუმი,3,იბერია,195,661
ბათუმი,3,იმედი,196,657
ბათუმი,3,იუჯი,197,1578
ბათუმი,3,კავკასიის ბიზნეს სკოლა,198,665
ბათუმი,3,კირნათის,199,2591
ბათუმი,3,ლიცეუმი,200,654
ბათუმი,3,მარადიდის,201,2592
ბათუმი,3,მასტერკლასი,202,654
ბათუმი,3,მატათა მოციქულის,203,2598
ბათუმი,3,მახინჯაურის,204,2593
ბათუმი,3,მეგა,205,2660
ბათუმი,3,მედიანა 2011,206,1579
ბათუმი,3,მერაბ ჭელიძის,207,2629
ბათუმი,3,მერისის,208,2422
ბათუმი,3,მომავლის,209,667
ბათუმი,3,მონპარნასი,210,3035
ბათუმი,3,ნერგები,211,656
ბათუმი,3,ნიგაზეულის,212,3036
ბათუმი,3,ნიკე,213,1339
ბათუმი,3,ორთაბათუმის,214,3037
ბათუმი,3,პანსიონი,215,
ბათუმი,3,პბს,216,
ბათუმი,3,სალიბაურის 1,217,2595
ბათუმი,3,სალიბაურის 2,218,2596
ბათუმი,3,სარფის საჯარო,219,2597
ბათუმი,3,სასულიერო,220,3040
ბათუმი,3,ტბელ აბუსერიძის,221,2610
ბათუმი,3,ტუნაძეების,222,2645
ბათუმი,3,ფერიის,223,2598
ბათუმი,3,ფიზიკა-მათემატიკური,224,
ბათუმი,3,ფრანგული სკოლა,225,655
ბათუმი,3,ქართულ-ამერიკული,226,
ბათუმი,3,ქედქედის,227,2599
ბათუმი,3,ქვედა ახალშენის,228,2600
ბათუმი,3,ქვედა მახოს საჯარო,229,2601
ბათუმი,3,ქვემო ახალშენის,230,2600
ბათუმი,3,ყოროლისთავის,231,2602
ბათუმი,3,შაჰინის,232,659
ბათუმი,3,ჩაისუბნის,233,2603
ბათუმი,3,ჩაისუბნის 2,234,1063
ბათუმი,3,ჩხუტუნეთის,235,2605
ბათუმი,3,ცინარეთის,236,2502
ბათუმი,3,წაბლანის,237,2658
ბათუმი,3,წინსვლის,238,2606
ბათუმი,3,წონიარისის,239,
ბათუმი,3,წყაროთის,240,3043
ბათუმი,3,ჭარნალის,241,2607
ბათუმი,3,ჭარნალის 1,242,2607
ბათუმი,3,ჭარნალის 2,243,2607
ბათუმი,3,ხიჭაურის,244,2467
ბათუმი,3,ხულოს,245,3044
ბაღდათი,13,1,246,1366
ბაღდათი,13,2,247,1367
ბაღდათი,13,გეწაძის,248,1382
ბაღდათი,13,დიმის,249,1381
ბაღდათი,13,დიმის 1,250,1379
ბაღდათი,13,დიმის 2,251,1380
ბაღდათი,13,ვარციხის,252,1370
ბაღდათი,13,ზეგნის 1,253,1374
ბაღდათი,13,ზეგნის 2,254,1375
ბაღდათი,13,კვირიკაშვილის,255,1384
ბაღდათი,13,მაიაკოვსკის,256,3046
ბაღდათი,13,მაიაკოვსკის 2,257,3047
ბაღდათი,13,მეორე ობჩის,258,1383
ბაღდათი,13,ნერგეეთის,259,1371
ბაღდათი,13,ობჩის,260,3049
ბაღდათი,13,პირველი ობჩის,261,1382
ბაღდათი,13,როკითის,262,1372
ბაღდათი,13,როხის,263,1378
ბაღდათი,13,საკრაულის,264,1377
ბაღდათი,13,ფერსათის 1,265,1368
ბაღდათი,13,ფერსათის 2,266,1369
ბაღდათი,13,ფოცხვერაშვილის,267,1384
ბაღდათი,13,წითელხევის 1,268,1384
ბაღდათი,13,წითელხევის 2,269,3051
ბაღდათი,13,წყალთაშუის,270,1373
ბაღდათი,13,ხანის,271,1376
ბოლნისი,14,1,272,1999
ბოლნისი,14,2,273,2000
ბოლნისი,14,3,274,2001
ბოლნისი,14,5,275,2002
ბოლნისი,14,გეტას,276,2005
ბოლნისი,14,დაბა კაზრეთის,277,2006
ბოლნისი,14,დაბა კაზრეთის 1,278,2006
ბოლნისი,14,დაბა კაზრეთის 2,279,2007
ბოლნისი,14,დავითიანი,280,1997
ბოლნისი,14,დისველის,281,2009
ბოლნისი,14,თამარისის,282,2010
ბოლნისი,14,იოანე ბოლნელის,283,1998
ბოლნისი,14,კაზრეთის 1,284,2006
ბოლნისი,14,კაზრეთის 2,285,2007
ბოლნისი,14,ნორიოს,286,825
ბოლნისი,14,რატევნის,287,2014
ბოლნისი,14,საჯარო,288,
ბოლნისი,14,ტანძიის,289,2019
ბოლნისი,14,წმინდა იოანე ბოლნელის,290,1998
ბორჯომი,15,1,291,2033
ბორჯომი,15,3,292,2034
ბორჯომი,15,6,293,2036
ბორჯომი,15,ახალდაბის,294,2038
ბორჯომი,15,კორტანეთის,295,2042
ბორჯომი,15,მოლითის,296,2044
ბორჯომი,15,ქვაბისხევის,297,2048
ბორჯომი,15,ჭობისხევის,298,2052
ბორჯომი,15,ჯავახიშვილის,299,2032
გარდაბანი,16,1,300,856
გარდაბანი,16,2,301,3052
გარდაბანი,16,3,302,847
გარდაბანი,16,4,303,845
გარდაბანი,16,5,304,3053
გარდაბანი,16,6,305,855
გარდაბანი,16,7,306,3054
გარდაბანი,16,აქთაქლის,307,844
გარდაბანი,16,ახალი სამგორის,308,834
გარდაბანი,16,ახალსოფლის,309,853
გარდაბანი,16,გამარჯვების,310,838
გარდაბანი,16,გარდაბნის,311,3055
გარდაბანი,16,დაბა კაზრეთის 1,312,3057
გარდაბანი,16,ვაზიანის,313,841
გარდაბანი,16,ვაზიანის 1,314,841
გარდაბანი,16,ვაზიანის 2,315,848
გარდაბანი,16,ვახტანგისის 1,316,837
გარდაბანი,16,ვახტანგისის 2,317,826
გარდაბანი,16,ზემო თელეთის,318,852
გარდაბანი,16,ზურაბ ბეგიაშვილის,319,842
გარდაბანი,16,თელეთის,320,852
გარდაბანი,16,კალინინოს,321,854
გარდაბანი,16,კარათაკლიის,322,840
გარდაბანი,16,კრწანისის,323,828
გარდაბანი,16,კუმისის,324,842
გარდაბანი,16,კურდღელაურის,325,500
გარდაბანი,16,ლემშვენიერას,326,832
გარდაბანი,16,მარტყოფის 1,327,835
გარდაბანი,16,მარტყოფის 2,328,850
გარდაბანი,16,მუღანლოს,329,857
გარდაბანი,16,მუხროვანის,330,829
გარდაბანი,16,ნაზარლოს,331,831
გარდაბანი,16,ნორიოს,332,825
გარდაბანი,16,სართიჭალის 1,333,830
გარდაბანი,16,სართიჭალის 2,334,849
გარდაბანი,16,სართიჭალის 3,335,843
გარდაბანი,16,საცხენისის,336,839
გარდაბანი,16,საჯარო,337,3060
გარდაბანი,16,ფოლადაანთკარის,338,858
გარდაბანი,16,ფოლადაანთკარის 1,339,858
გარდაბანი,16,ფოლადაანთკარის 7,340,858
გარდაბანი,16,ქესალოს,341,833
გარდაბანი,16,ქვემო კაპანახჩის,342,836
გარდაბანი,16,ყარათაკლიას,343,840
გარდაბანი,16,ყარაჯალარის,344,846
გარდაბანი,16,ჩაღლარი,345,
გარდაბანი,16,ჯანდარას,346,827
გორი,17,1,347,381
გორი,17,10,355,345
გორი,17,11,356,365
გორი,17,12,357,403
გორი,17,2,348,364
გორი,17,3,438,363
გორი,17,4,349,351
გორი,17,5,350,400
გორი,17,6,351,382
გორი,17,7,352,391
გორი,17,8,353,372
გორი,17,9,354,388
გორი,17,ამერიკის უნივერისტეტის,358,2664
გორი,17,ანდრია პირველწოდებულის,359,
გორი,17,არაშენდის,360,402
გორი,17,არბოს,361,375
გორი,17,ატენის,362,378
გორი,17,აძვის,363,390
გორი,17,ახალდაბის,364,397
გორი,17,ახალუბნის,365,
გორი,17,ახალციხის,366,354
გორი,17,ახრისის,367,357
გორი,17,ბერბუკის,368,346
გორი,17,ბერშუეთის,369,407
გორი,17,ბნავირის,370,367
გორი,17,ბოშურის,371,3061
გორი,17,გარეჯვრის,372,361
გორი,17,გიმნაზია,373,734
გორი,17,გიორგი მთაწმინდელის,374,734
გორი,17,დიცის,375,405
გორი,17,ეისი,376,2663
გორი,17,ერგნეთის,377,389
გორი,17,ერგნეთ-მამისაანთუბნის,378,389
გორი,17,ვარიანის,379,395
გორი,17,ზემო ნიქოზის,380,401
გორი,17,ზემო ხანდაკის,381,1491
გორი,17,ზემო ხვითის,382,356
გორი,17,ზერტის,383,385
გორი,17,ზეღდულეთის,384,3062
გორი,17,თეთრუაშვილის გიმნაზია,385,736
გორი,17,თორტიზის,386,406
გორი,17,კარალეთის,387,3063
გორი,17,კარალეთის 1,388,383
გორი,17,კარალეთის 2,389,348
გორი,17,კარბის,390,398
გორი,17,კვარხეთის,391,
გორი,17,კირბალის,392,369
გორი,17,ლიცეუმი,393,735
გორი,17,მამისაანთუბნის,394,
გორი,17,მერეთის,395,350
გორი,17,მეღვრეკისის,396,358
გორი,17,მეჯვრისხევის,397,374
გორი,17,ნიქოზის,398,352
გორი,17,ოთარშენის,399,3064
გორი,17,ორაშენის,400,
გორი,17,ორთაშენის,401,
გორი,17,პატარა გარეჯვრის,402,361
გორი,17,პატარა მეჯვრისხევის,403,374
გორი,17,რეხის,404,370
გორი,17,სათემოს,405,393
გორი,17,სამთავისის,406,1500
გორი,17,სასულიერო,407,734
გორი,17,საუნჯე,408,
გორი,17,სვენეთის,409,384
გორი,17,სკრის,410,362
გორი,17,სობისის,411,359
გორი,17,ტინისხიდის,412,394
გორი,17,ტირძნისის,413,387
გორი,17,ტყვიავის,414,379
გორი,17,უფლისციხის,415,355
გორი,17,ფლავის,439,366
გორი,17,ფხვენისის,416,373
გორი,17,ქერეს,417,396
გორი,17,ქვახვრელის,418,349
გორი,17,ქვემო არცევის საჯარო,419,
გორი,17,ქვემო ნიქოზის,420,352
გორი,17,ქვემო სობისის,421,359
გორი,17,ქვემო ხვითის,422,376
გორი,17,ქვეშის,423,360
გორი,17,ქიწნისის,424,392
გორი,17,ღირსი მამა გიორგი მთამინდელის,425,734
გორი,17,ყელქცეულას,426,380
გორი,17,შავშვების,427,371
გორი,17,შიდა ქართლის საერო,428,736
გორი,17,შინდისის,429,377
გორი,17,ძევერის,430,404
გორი,17,წითელუბნის,431,353
გორი,17,წმინდა გიორგის,432,735
გორი,17,წმინდა გიორგის საერო სკოლა,433,735
გორი,17,წმინდა გიორგის სახელობის სკოლა-ლიცეუმი,434,735
გორი,17,ხელთუბნის,435,347
გორი,17,ხვითის,436,376
გორი,17,ხიდისთავის,437,399
გურჯაანი,18,1,440,1043
გურჯაანი,18,2,441,1047
გურჯაანი,18,3,442,1037
გურჯაანი,18,4,443,1049
გურჯაანი,18,არაშენდის,444,1054
გურჯაანი,18,ახალსოფლის,445,853
გურჯაანი,18,ახალსოფლის 2,446,3066
გურჯაანი,18,ახალშენის,447,1044
გურჯაანი,18,ახაშნის,448,
გურჯაანი,18,ბაკურციხის,449,1042
გურჯაანი,18,გიმნაზია,450,3067
გურჯაანი,18,გურჯაანის,451,1038
გურჯაანი,18,ეტალონი,452,3068
გურჯაანი,18,ვაზისუბნის,453,1034
გურჯაანი,18,ვაჩნაძიანის,454,1053
გურჯაანი,18,ველისციხის,455,1041
გურჯაანი,18,ვეჯინის,456,1036
გურჯაანი,18,ზეგნის,457,3069
გურჯაანი,18,ზემო კაჭრეთის,458,1039
გურჯაანი,18,კალაურის,459,1032
გურჯაანი,18,კარდენახის,460,1055
გურჯაანი,18,კაჭრეთის,461,1056
გურჯაანი,18,კოლაგის,462,1051
გურჯაანი,18,ლაგოდეხის 1,463,1702
გურჯაანი,18,მელაანის,464,1040
გურჯაანი,18,მუკუზნის,465,1048
გურჯაანი,18,რკინიგზის,466,
გურჯაანი,18,სოფელ გურჯაანის,467,1038
გურჯაანი,18,შაშიანის,468,1052
გურჯაანი,18,ჩალაუბნის,469,1050
გურჯაანი,18,ჩუმლაყის,470,1046
გურჯაანი,18,წნორის,471,2374
გურჯაანი,18,წნორის 3,472,2375
გურჯაანი,18,ჭანდრის,473,1045
გურჯაანი,18,ჭიკაანის,474,2465
გურჯაანი,18,ჯიმითის,475,1035
დედოფლისწყარო,19,1,476,2056
დედოფლისწყარო,19,2,477,2057
დედოფლისწყარო,19,არბოშიკის,478,2058
დედოფლისწყარო,19,არხილოსკალოს,479,2059
დედოფლისწყარო,19,გამარჯვების,480,2060
დედოფლისწყარო,19,ვახტანგ გორგასლის,481,2055
დედოფლისწყარო,19,ზემო მაჩხაანის,482,2061
დედოფლისწყარო,19,ზემო ქედის 1,483,2062
დედოფლისწყარო,19,ზემო ქედის 2,484,2063
დედოფლისწყარო,19,სამრეკლოს,485,2067
დედოფლისწყარო,19,ქვემო ქედის,486,2069
დმანისი,20,1,487,2072
დმანისი,20,3,488,2074
დმანისი,20,განთიადის,489,2079
დმანისი,20,გომარეთის,490,2080
დმანისი,20,ექვთიმე თაყაიშვილის,491,
დუშეთი,21,1,492,1118
დუშეთი,21,147,494,
დუშეთი,21,2,493,1128
დუშეთი,21,აბანოსხევის,495,1132
დუშეთი,21,ანანურის,496,1146
დუშეთი,21,არაგვისპირის,497,1133
დუშეთი,21,არღუნის,498,1140
დუშეთი,21,ბაზალეთის,499,1147
დუშეთი,21,ბარისახოს,500,1148
დუშეთი,21,ბულაჩაურის,501,1126
დუშეთი,21,გრემისხევის,502,1144
დუშეთი,21,გრიგოლაანთკარის,503,1124
დუშეთი,21,გუდამაყრის,504,1142
დუშეთი,21,გუდრუხის,505,1113
დუშეთი,21,ლამოვნის,506,1137
დუშეთი,21,ლაფანაანთკარის,525,1116
დუშეთი,21,მაღაროსკარის,507,1143
დუშეთი,21,მისაქციელის,508,
დუშეთი,21,მლეთის,509,1111
დუშეთი,21,მჭადიჯვრის,510,1145
დუშეთი,21,ნავაზის,511,
დუშეთი,21,ოძისის,512,1138
დუშეთი,21,პავლეურის,513,1131
დუშეთი,21,ჟინვალის,514,
დუშეთი,21,ჟინვალის 2,515,
დუშეთი,21,საკრამულის,516,1135
დუშეთი,21,საშაბუროს,517,1121
დუშეთი,21,ფასანაურის,518,1130
დუშეთი,21,ქვეშეთის,519,1114
დუშეთი,21,შუახევის,520,1136
დუშეთი,21,ჩირიკის,521,1115
დუშეთი,21,წითლიანების,522,1141
დუშეთი,21,ჭართლის,523,1119
დუშეთი,21,ჭოპორტის,524,1125
ვანი,22,1,526,1385
ვანი,22,2,527,1386
ვანი,22,ამაღლების,528,1398
ვანი,22,ბზვანის,529,1397
ვანი,22,გიმნაზია,530,
ვანი,22,ვანის,531,
ვანი,22,ზედა ბზვანის,532,1410
ვანი,22,ზედა გორას,533,1412
ვანი,22,ზედა ვანის,534,1392
ვანი,22,ზეინდრის,535,1399
ვანი,22,ინაშაურის,536,1411
ვანი,22,ისრითის,537,1394
ვანი,22,კიროვის,538,3076
ვანი,22,მართლმადიდებლური,539,
ვანი,22,მექედის,540,3077
ვანი,22,მთისძირის,541,1387
ვანი,22,მიქელეფონის,542,1413
ვანი,22,მუქედის,543,1391
ვანი,22,რომანეთის,544,1414
ვანი,22,სალომინაოს,545,1405
ვანი,22,სალხინოს,546,1393
ვანი,22,საპრასიის,547,1403
ვანი,22,სულორის,548,1395
ვანი,22,ტობანიერის,549,1389
ვანი,22,უხუთის,550,1402
ვანი,22,ფერეთის,551,1404
ვანი,22,ქვედა გორას,552,1534
ვანი,22,ყუმურის,553,1390
ვანი,22,შუაგორის,554,1535
ვანი,22,შუამთის,555,1388
ვანი,22,ციხესულორის,556,1406
ვანი,22,ძულუხის,557,1396
ვანი,22,წმინდა ნინოს,558,1415
ზესტაფონი,23,1,559,704
ზესტაფონი,23,2,560,678
ზესტაფონი,23,3,561,685
ზესტაფონი,23,4,562,683
ზესტაფონი,23,5,563,693
ზესტაფონი,23,6,564,707
ზესტაფონი,23,7,565,688
ზესტაფონი,23,ალავერდის,566,677
ზესტაფონი,23,ალისუბნის,567,
ზესტაფონი,23,ანაბასისი,568,746
ზესტაფონი,23,არგვეთის,569,700
ზესტაფონი,23,ბორის,570,
ზესტაფონი,23,ბოსლევის,571,696
ზესტაფონი,23,დილიკაურის,572,701
ზესტაფონი,23,ვარძიის,573,3081
ზესტაფონი,23,ზედა საქარის,574,692
ზესტაფონი,23,ზოვრეთის,575,689
ზესტაფონი,23,თავისუფალი,576,747
ზესტაფონი,23,თუზის,577,
ზესტაფონი,23,ილემის,578,681
ზესტაფონი,23,კვალითის,579,706
ზესტაფონი,23,კლდეეთის,580,
ზესტაფონი,23,მეორე სვირის 1,581,694
ზესტაფონი,23,მეორე სვირის 2,582,708
ზესტაფონი,23,ორნათის საჯარო,583,
ზესტაფონი,23,ორნატი,584,2661
ზესტაფონი,23,პირველი სვირის,585,691
ზესტაფონი,23,რკვიის,586,679
ზესტაფონი,23,როდინაულის,587,690
ზესტაფონი,23,სადგურ სვირის,588,
ზესტაფონი,23,საზანოს,589,3082
ზესტაფონი,23,საზანოს 1,590,
ზესტაფონი,23,საზანოს 2,591,
ზესტაფონი,23,საზანოს 3,592,
ზესტაფონი,23,საქარის,593,
ზესტაფონი,23,სვირის 2,594,
ზესტაფონი,23,ტაბაკინის,595,703
ზესტაფონი,23,ფუთის,596,687
ზესტაფონი,23,ქვედა საზანოს 1,597,702
ზესტაფონი,23,ქვედა საზანოს 2,598,697
ზესტაფონი,23,ქვედა საზანოს 3,599,686
ზესტაფონი,23,ქვედა საქარის,600,695
ზესტაფონი,23,ქვემო საზანოს,601,
ზესტაფონი,23,ქვემო საქარის,602,
ზესტაფონი,23,ღორეშის,603,1356
ზესტაფონი,23,შორაპნის,604,698
ზესტაფონი,23,შროშის,605,680
ზესტაფონი,23,ცხენთაროს,606,709
ზესტაფონი,23,ცხრაწყაროს,607,682
ზესტაფონი,23,ძირულის,608,684
ზესტაფონი,23,წევის,609,705
ზესტაფონი,23,წყალაფორეთის,610,3083
ზესტაფონი,23,ხუნევის,611,
ზუგდიდი,4,1,612,204
ზუგდიდი,4,10,621,220
ზუგდიდი,4,11,622,239
ზუგდიდი,4,12,623,221
ზუგდიდი,4,14,624,
ზუგდიდი,4,2,613,207
ზუგდიდი,4,3,614,231
ზუგდიდი,4,4,615,253
ზუგდიდი,4,5,616,229
ზუგდიდი,4,6,617,248
ზუგდიდი,4,7,618,251
ზუგდიდი,4,8,619,205
ზუგდიდი,4,9,620,243
ზუგდიდი,4,აბასთუმნის,625,222
ზუგდიდი,4,ანაკლიის,626,213
ზუგდიდი,4,აფხაზეთის,627,3085
ზუგდიდი,4,აფხაზეთის 1,628,3086
ზუგდიდი,4,აფხაზეთის 11,629,3087
ზუგდიდი,4,აფხაზეთის 14,630,3089
ზუგდიდი,4,აფხაზეთის 15,631,3090
ზუგდიდი,4,ახალაბასთუმნის,632,223
ზუგდიდი,4,ახალკახათის,633,225
ზუგდიდი,4,ახალსოფლის,634,247
ზუგდიდი,4,განმუხურის,635,238
ზუგდიდი,4,გრიგოლიშის,636,250
ზუგდიდი,4,დარჩელის 1,637,245
ზუგდიდი,4,დარჩელის 2,638,211
ზუგდიდი,4,დიდინეძის,639,230
ზუგდიდი,4,დიხამინჯის 1,640,
ზუგდიდი,4,ერგეტის,641,226
ზუგდიდი,4,ეტალონი,642,1601
ზუგდიდი,4,ზედა ეწრის,643,212
ზუგდიდი,4,თაიას,644,3091
ზუგდიდი,4,ინგირის,645,3092
ზუგდიდი,4,ინგირის 1,646,237
ზუგდიდი,4,ინგირის 2,647,235
ზუგდიდი,4,კახათის 1,648,215
ზუგდიდი,4,კახათის 2,649,218
ზუგდიდი,4,კახათის წმინდა გიორგის,650,675
ზუგდიდი,4,კირცხის 1,651,3093
ზუგდიდი,4,კოკის,652,249
ზუგდიდი,4,კორცხელის,653,216
ზუგდიდი,4,ნარაზენის,654,224
ზუგდიდი,4,ოდიშის 1,655,240
ზუგდიდი,4,ოდიშის 2,656,232
ზუგდიდი,4,ონარიის,657,219
ზუგდიდი,4,ორსანტიის,658,241
ზუგდიდი,4,ორულუს,659,209
ზუგდიდი,4,ოქტომბრის,660,233
ზუგდიდი,4,პრინც მიურატის,661,676
ზუგდიდი,4,რიყის,662,203
ზუგდიდი,4,რუხის,663,228
ზუგდიდი,4,ტყაიის,664,217
ზუგდიდი,4,ურთის,665,210
ზუგდიდი,4,ფრანგული,666,676
ზუგდიდი,4,ქართულ-ფრანგული,667,676
ზუგდიდი,4,ყულიშკარის,668,214
ზუგდიდი,4,შამგონის,669,244
ზუგდიდი,4,ჩხორიის,670,208
ზუგდიდი,4,ცაიშის,671,236
ზუგდიდი,4,ძველი აბასთუმნის,672,
ზუგდიდი,4,წმინდა გიორგის,673,675
ზუგდიდი,4,ჭაქვინჯის,674,234
ზუგდიდი,4,ჭითაწყარის,675,252
ზუგდიდი,4,ჭკადუაშის,676,242
ზუგდიდი,4,ხაიშის,677,4000
ზუგდიდი,4,ხამისკურის,678,
ზუგდიდი,4,ჯვარის 1,679,1176
ზუგდიდი,4,ჯვარის 4,680,4001
ზუგდიდი,4,ჯიხაშკარის,681,246
ზუგდიდი,4,ჯიხაშკარის 1,682,246
ზუგდიდი,4,ჯიხაშკარის 2,683,206
ზუგდიდი,4,ჯიჯი,684,1603
ზუგდიდი,4,ჯუმის,685,227
თბილისი,1,1,686,
თბილისი,1,10,695,36
თბილისი,1,100,777,115
თბილისი,1,102,778,101
თბილისი,1,103,779,195
თბილისი,1,104,780,143
თბილისი,1,105,781,183
თბილისი,1,106,782,157
თბილისი,1,107,783,164
თბილისი,1,108,784,187
თბილისი,1,11,696,37
თბილისი,1,111,785,4014
თბილისი,1,112,786,38
თბილისი,1,113,787,39
თბილისი,1,114,788,40
თბილისი,1,115,789,41
თბილისი,1,116,790,123
თბილისი,1,117,791,198
თბილისი,1,118,792,42
თბილისი,1,119,793,43
თბილისი,1,12,697,44
თბილისი,1,120,794,45
თბილისი,1,121,795,
თბილისი,1,122,796,89
თბილისი,1,123,797,108
თბილისი,1,124,798,191
თბილისი,1,125,799,
თბილისი,1,126,800,83
თბილისი,1,127,801,161
თბილისი,1,128,802,109
თბილისი,1,129,803,46
თბილისი,1,13,698,4004
თბილისი,1,130,804,116
თბილისი,1,131,805,166
თბილისი,1,132,806,47
თბილისი,1,133,807,48
თბილისი,1,135,808,
თბილისი,1,136,809,49
თბილისი,1,137,810,1604
თბილისი,1,138,811,50
თბილისი,1,139,812,171
თბილისი,1,14,699,51
თბილისი,1,140,813,114
თბილისი,1,141,814,52
თბილისი,1,142,815,53
თბილისი,1,143,816,54
თბილისი,1,144,817,156
თბილისი,1,145,818,168
თბილისი,1,146,819,165
თბილისი,1,147,820,121
თბილისი,1,149,821,55
თბილისი,1,15,700,
თბილისი,1,150,822,152
თბილისი,1,151,823,110
თბილისი,1,152,824,169
თბილისი,1,153,825,179
თბილისი,1,154,826,56
თბილისი,1,155,827,120
თბილისი,1,156,828,196
თბილისი,1,157,829,167
თბილისი,1,158,830,85
თბილისი,1,159,831,57
თბილისი,1,16,701,58
თბილისი,1,160,832,59
თბილისი,1,161,833,106
თბილისი,1,162,834,103
თბილისი,1,163,835,159
თბილისი,1,164,836,4016
თბილისი,1,165,837,84
თბილისი,1,166,838,113
თბილისი,1,167,839,60
თბილისი,1,168,840,194
თბილისი,1,169,841,119
თბილისი,1,17,702,90
თბილისი,1,171,842,86
თბილისი,1,172,843,199
თბილისი,1,173,844,61
თბილისი,1,174,845,62
თბილისი,1,175,846,63
თბილისი,1,176,847,180
თბილისი,1,177,848,64
თბილისი,1,178,849,192
თბილისი,1,179,850,181
თბილისი,1,18,703,134
თბილისი,1,180,851,176
თბილისი,1,181,852,65
თბილისი,1,182,853,197
თბილისი,1,183,854,138
თბილისი,1,184,855,4018
თბილისი,1,185,856,
თბილისი,1,186,857,94
თბილისი,1,187,858,
თბილისი,1,188,859,4020
თბილისი,1,190,860,66
თბილისი,1,191,861,67
თბილისი,1,192,862,95
თბილისი,1,193,863,
თბილისი,1,194,864,
თბილისი,1,195,865,91
თბილისი,1,198,866,
თბილისი,1,199,867,100
თბილისი,1,2,687,117
თბილისი,1,20,704,154
თბილისი,1,202,868,139
თბილისი,1,203,869,96
თბილისი,1,204,870,4022
თბილისი,1,205,871,
თბილისი,1,207,872,69
თბილისი,1,208,873,70
თბილისი,1,209,874,71
თბილისი,1,21,705,127
თბილისი,1,21 საუკუნე,885,601
თბილისი,1,210,875,111
თბილისი,1,211,876,4023
თბილისი,1,212,877,4024
თბილისი,1,213,878,4025
თბილისი,1,214,879,4026
თბილისი,1,215,880,201
თბილისი,1,216,881,202
თბილისი,1,217,882,200
თბილისი,1,218,883,163
თბილისი,1,219,884,162
თბილისი,1,22,706,118
თბილისი,1,23,707,130
თბილისი,1,24,708,1563
თბილისი,1,26,709,122
თბილისი,1,28,710,4005
თბილისი,1,29,711,125
თბილისი,1,3,688,4003
თბილისი,1,30,712,148
თბილისი,1,31,713,142
თბილისი,1,32,714,72
თბილისი,1,34,715,4006
თბილისი,1,35,716,87
თბილისი,1,36,717,135
თბილისი,1,37,718,126
თბილისი,1,39,719,73
თბილისი,1,4,689,124
თბილისი,1,40,720,
თბილისი,1,41,721,92
თბილისი,1,42,722,144
თბილისი,1,43,723,140
თბილისი,1,44,724,4007
თბილისი,1,45,725,74
თბილისი,1,46,726,128
თბილისი,1,47,727,129
თბილისი,1,48,728,75
თბილისი,1,49,729,145
თბილისი,1,5,690,112
თბილისი,1,50,730,141
თბილისი,1,51,731,137
თბილისი,1,52,732,105
თბილისი,1,53,733,132
თბილისი,1,54,734,107
თბილისი,1,55,735,97
თბილისი,1,57,736,4009
თბილისი,1,58,737,4010
თბილისი,1,59,738,76
თბილისი,1,6,691,77
თბილისი,1,60,739,98
თბილისი,1,61,740,88
თბილისი,1,62,741,93
თბილისი,1,63,742,149
თბილისი,1,64,743,102
თბილისი,1,65,744,175
თბილისი,1,66,745,
თბილისი,1,67,746,151
თბილისი,1,69,747,78
თბილისი,1,7,692,81
თბილისი,1,70,748,182
თბილისი,1,71,749,79
თბილისი,1,72,750,189
თბილისი,1,73,751,133
თბილისი,1,74,752,158
თბილისი,1,75,753,147
თბილისი,1,76,754,185
თბილისი,1,77,755,146
თბილისი,1,78,756,4011
თბილისი,1,79,757,80
თბილისი,1,8,693,81
თბილისი,1,80,758,
თბილისი,1,81,759,155
თბილისი,1,82,760,184
თბილისი,1,83,761,188
თბილისი,1,84,762,131
თბილისი,1,85,763,172
თბილისი,1,86,764,177
თბილისი,1,87,765,160
თბილისი,1,88,766,136
თბილისი,1,89,767,173
თბილისი,1,9,694,82
თბილისი,1,90,768,174
თბილისი,1,91,769,4012
თბილისი,1,92,770,193
თბილისი,1,94,771,190
თბილისი,1,95,772,4013
თბილისი,1,96,773,186
თბილისი,1,97,774,170
თბილისი,1,98,775,150
თბილისი,1,99,776,178
თბილისი,1,ათინათი,886,575
თბილისი,1,აია ჯესს,887,529
თბილისი,1,აიბი მთიები,888,595
თბილისი,1,აისი,889,1605
თბილისი,1,ალბიონი,890,622
თბილისი,1,ალმასი,891,1562
თბილისი,1,ამერიკული აკადემია,892,573
თბილისი,1,ანდრია პირველწოდებულის,893,
თბილისი,1,ანიზეტი,894,
თბილისი,1,არქიმედე,895,1825
თბილისი,1,ასი ათასი მოწამის სახელობის ფესვები,896,576
თბილისი,1,აფხაზეთის 2,897,1620
თბილისი,1,აფხაზეთის 3,898,1612
თბილისი,1,ახალი ლიცეუმი,899,561
თბილისი,1,ახალი სკოლა,900,549
თბილისი,1,ახალი ქართული გიმნაზია,901,631
თბილისი,1,ახალი ქართული სკოლა,902,549
თბილისი,1,ბაკურ სულაკაურის,903,4028
თბილისი,1,ბაქსვუდი,904,1607
თბილისი,1,ბიზნეს სკოლა,905,621
თბილისი,1,ბინული,906,596
თბილისი,1,ბიჯისი,907,563
თბილისი,1,ბრითიშ ქონექშენი,908,563
თბილისი,1,ბრიტანიკა,909,545
თბილისი,1,ბრიტანულ-ქართული,910,563
თბილისი,1,ბრიტანულ-ქართული აკადემია,911,563
თბილისი,1,ბრიტანულ-ქართული სკოლა,912,563
თბილისი,1,გერგეტი,913,594
თბილისი,1,გერმანული საერთაშორისო,914,612
თბილისი,1,გიმნაზია,915,
თბილისი,1,გრაალი,916,584
თბილისი,1,გრიგოლ ხანძთელის,917,630
თბილისი,1,გურამ დევდარიანის,918,572
თბილისი,1,დავითიანი,919,618
თბილისი,1,დეა,920,544
თბილისი,1,დემირელი,921,607
თბილისი,1,დიმიტრი ყიფიანის,922,565
თბილისი,1,ევროპული სკოლა,923,553
თბილისი,1,ენკა,924,600
თბილისი,1,ერუდიტი,925,557
თბილისი,1,ვალდორფი,926,588
თბილისი,1,ვერისუბნის ლიცეუმი,927,604
თბილისი,1,თავადაზნაურთა,928,548
თბილისი,1,თამარ მეფის,929,4034
თბილისი,1,თამარიონი,930,537
თბილისი,1,თანამედროვე განათლების აკადემია,931,1570
თბილისი,1,იაკობ გოგებაშვილის,932,4035
თბილისი,1,იბერია,933,578
თბილისი,1,ივერია,934,629
თბილისი,1,ივერიის ღვთისმშობლის,935,527
თბილისი,1,ივერიონი,936,4036
თბილისი,1,ივერონი,937,4036
თბილისი,1,ილია მართლის,938,558
თბილისი,1,ინტელექტი,939,627
თბილისი,1,ინტელექტი 21,940,614
თბილისი,1,იუჯი,941,1606
თბილისი,1,კავკასიის ფრანგული სკოლა,942,1836
თბილისი,1,კაი ყმა,943,589
თბილისი,1,კანდელი,944,625
თბილისი,1,კანდიდი,945,528
თბილისი,1,კერძო,946,4037
თბილისი,1,კლასიკური გიმნაზია,947,153
თბილისი,1,კობახიძე,948,146
თბილისი,1,კომაროვი,949,100
თბილისი,1,კრეატიული განათლების,950,581
თბილისი,1,ლამპარი,951,1827
თბილისი,1,ლაშარი,952,543
თბილისი,1,ლიდერი,953,580
თბილისი,1,ლილე,954,532
თბილისი,1,ლისის გიმნაზია,955,
თბილისი,1,ლიცეუმი,956,
თბილისი,1,ლოგოსი,957,1621
თბილისი,1,ლომისი,958,530
თბილისი,1,მართლმადიდებლური,959,4039
თბილისი,1,მარჯი,960,1565
თბილისი,1,მე-6 გერმანული ექსპერიმენტალური სკოლა,961,612
თბილისი,1,მეექვსე საავტორო,962,611
თბილისი,1,მერმისი,963,1608
თბილისი,1,მთაწმინდელები,964,562
თბილისი,1,მილენიუმი,965,821
თბილისი,1,მომავლის,966,570
თბილისი,1,მოძღვარი,967,620
თბილისი,1,მუსიკალური სემინარია,968,
თბილისი,1,მწვანე სკოლა,969,599
თბილისი,1,მწიგნობართუხუცესი,970,550
თბილისი,1,მწიგნობარი,971,590
თბილისი,1,მჭევრი,972,621
თბილისი,1,ნიკო ბაგრატიონის,973,548
თბილისი,1,ნინო,974,616
თბილისი,1,ნიუტონი,975,820
თბილისი,1,ნიჭიერთა კერძო სკოლა,976,542
თბილისი,1,ნუნუ ავაგუმაშვილი,977,531
თბილისი,1,ოაზისი,978,540
თბილისი,1,ოლიმპი,979,552
თბილისი,1,ოპიზა,980,623
თბილისი,1,ორ ავნერ და ჰანა,981,602
თბილისი,1,ოქორს აკვანი,982,628
თბილისი,1,ოქროს აკვანი,983,628
თბილისი,1,პეგასი,984,538
თბილისი,1,პირველი ექსპერიმენტული,985,104
თბილისი,1,პოლიგლოტი,986,525
თბილისი,1,პოლუსი,987,615
თბილისი,1,პროგრესი,988,
თბილისი,1,პრომეთე,989,535
თბილისი,1,საბანკო იურიდიული ლიცეუმი,990,582
თბილისი,1,სადუნი,991,1566
თბილისი,1,საერთაშორისო ქართული სკოლა,992,609
თბილისი,1,საერო სკოლა,993,
თბილისი,1,სანთელი,994,1567
თბილისი,1,სანტ ეგზიუპერი,995,
თბილისი,1,საპატრიარქო,996,
თბილისი,1,სასულიერო,997,4043
თბილისი,1,საუნჯე,998,4044
თბილისი,1,სინათლე,999,626
თბილისი,1,სხივი,1000,1835
თბილისი,1,ტიესი,1001,4046
თბილისი,1,ფენიქსი,1002,610
თბილისი,1,ფესვები,1003,576
თბილისი,1,ფილიპე გოგიჩაიშვილის,1004,605
თბილისი,1,ქართულ-ამერიკული,1005,823
თბილისი,1,ქართულ-ამერიკული უმაღლესი,1006,524
თბილისი,1,ქართული სასწავლებელი,1007,608
თბილისი,1,ქორალი,1008,567
თბილისი,1,შავნაბადა,1009,617
თბილისი,1,შიბლიანის,1010,4047
თბილისი,1,შოვი,1011,619
თბილისი,1,შუმანის,1012,560
თბილისი,1,ჩვენი სკოლა,1013,583
თბილისი,1,ცისაკარი,1014,536
თბილისი,1,ცისკარი,1015,1564
თბილისი,1,ცოდნა,1016,534
თბილისი,1,წინწყაროს,1017,
თბილისი,1,წმ. გიორგის სახ. ბრიტანულ-ქართული,1018,563
თბილისი,1,წმინდა ბარბარეს,1019,4049
თბილისი,1,წმინდა გიორგის,1020,563
თბილისი,1,წმინდა გიორგის საერო,1021,1617
თბილისი,1,წმინდა ილია მართლის,1022,558
თბილისი,1,წმინდა ნიკოლოზის,1023,598
თბილისი,1,წმინდა ნინოს,1024,558
თბილისი,1,ჯეჯილი,1025,566
თბილისი,1,ჯიელსი,1026,577
თბილისი,1,ჰამილტონი,1027,4050
თბილისი,1,ჰელიოსი,1028,1829
თეთრიწყარო,26,ალექსეევკის,1029,2102
თეთრიწყარო,26,ბოგვის,1030,2105
თეთრიწყარო,26,ბორბალოს,1031,2106
თეთრიწყარო,26,გოლთეთის,1032,2107
თეთრიწყარო,26,ერტისის,1033,2112
თეთრიწყარო,26,თეთრიწყაროს,1034,4051
თეთრიწყარო,26,კოდის,1035,2113
თეთრიწყარო,26,მანგლისის 1,1036,2114
თეთრიწყარო,26,სამღერეთის,1037,4052
თეთრიწყარო,26,ტბეთის 2,1038,4053
თეთრიწყარო,26,შავსაყდარის,1039,
თეთრიწყარო,26,ხაიშის,1040,2127
თელავი,27,1,1041,509
თელავი,27,2,1042,501
თელავი,27,3,1043,515
თელავი,27,4,1044,514
თელავი,27,5,1045,513
თელავი,27,6,1046,504
თელავი,27,7,1047,523
თელავი,27,8,1048,521
თელავი,27,9,1049,510
თელავი,27,აკურის,1050,507
თელავი,27,ალვანის,1051,4055
თელავი,27,ანანურის,1052,502
თელავი,27,ართნის,1053,
თელავი,27,აწყურის,1054,4057
თელავი,27,ახმეტის,1055,
თელავი,27,ბუშეტის,1056,519
თელავი,27,გულგულის,1057,511
თელავი,27,დუისის,1058,
თელავი,27,ევროპული სკოლა,1059,4059
თელავი,27,ეპარქიის,1060,
თელავი,27,ვანთის,1061,498
თელავი,27,ვარდისუბნის,1062,520
თელავი,27,თეთრიწყლების,1063,516
თელავი,27,იყალთოს,1064,522
თელავი,27,კალაურის,1065,4060
თელავი,27,კისისხევის,1066,517
თელავი,27,კონდოლის,1067,508
თელავი,27,კურდღელაურის,1068,500
თელავი,27,ლალისყურის,1069,
თელავი,27,ლაფანყურის,1070,505
თელავი,27,მატნის,1071,
თელავი,27,მულმულის,1072,4061
თელავი,27,ნაფარეულის,1073,512
თელავი,27,ოჟიოს,1074,
თელავი,27,რუისპირის,1075,497
თელავი,27,სამრევლოს,1076,
თელავი,27,სანიორეს,1077,4064
თელავი,27,ფშავლის,1078,503
თელავი,27,ქვემო ალვანის,1079,4065
თელავი,27,ქვემო ხოდაშნის,1080,499
თელავი,27,ქისტაურის,1081,4066
თელავი,27,ყარაჯალის,1082,506
თელავი,27,ყვარლის,1083,4067
თელავი,27,შალაურის,1084,
თელავი,27,წინანდლის,1085,518
თელავი,27,"წმინდა ბიძინა, შალვა და ელიზბარის",1086,745
თელავი,27,ხოდაშენის,1087,4068
თელეთი,28,თელეთის,1088,
თერჯოლა,29,1,1089,2129
თერჯოლა,29,2,1090,2130
თერჯოლა,29,ალისუბნის,1091,
თერჯოლა,29,ახალთერჯოლის,1092,2133
თერჯოლა,29,ბარდუბნის,1093,2134
თერჯოლა,29,გოგნის,1094,2135
თერჯოლა,29,დავით კლდიაშვილის,1095,4069
თერჯოლა,29,ეწერის,1096,2137
თერჯოლა,29,ზედა საზანოს,1097,2138
თერჯოლა,29,ზედა სიმონეთის,1098,2139
თერჯოლა,29,ზოვრეთის,1099,
თერჯოლა,29,თუზის,1100,2140
თერჯოლა,29,კვახჭირის,1101,2141
თერჯოლა,29,კლდიაშვილის,1102,
თერჯოლა,29,მზეკაბანი,1103,
თერჯოლა,29,მზეკაბანი 2007,1104,2128
თერჯოლა,29,ნაგარევის,1105,
თერჯოლა,29,ნახშირღელის,1106,2143
თერჯოლა,29,სიმონეთის 1,1107,716
თერჯოლა,29,სიმონეთის 2,1108,2148
თერჯოლა,29,ქვედა საზანოს 2,1109,697
თერჯოლა,29,ქვედა სიმონეთის 1,1110,2147
თერჯოლა,29,ქვედა სიმონეთის 2,1111,
თერჯოლა,29,ღვანკითის,1112,2149
თერჯოლა,29,ჩხარის 1,1113,2150
თერჯოლა,29,ჩხარის 2,1114,2151
თერჯოლა,29,ძევრის,1115,2152
თერჯოლა,29,ჭოგნარის,1116,724
თიანეთი,30,2,1117,
თიანეთი,30,ნაქალაქარის,1118,2159
თიანეთი,30,სიონის,1119,2162
თიანეთი,30,ხევსურთსოფლის,1120,2166
კასპი,31,1,1121,1483
კასპი,31,2,1122,1484
კასპი,31,3,1123,1485
კასპი,31,4,1124,1487
კასპი,31,აღაიანის,1125,1486
კასპი,31,ახალქალაქის,1126,1552
კასპი,31,ახალციხის,1127,1551
კასპი,31,ბესიკ ნიპარიშვილის,1128,1512
კასპი,31,დოესის,1129,1553
კასპი,31,ზანდაკის,1130,
კასპი,31,ზემო ხანდაკის,1131,1555
კასპი,31,თვალადის,1132,1554
კასპი,31,იგოეთის,1133,1556
კასპი,31,კავთისხევის,1134,1494
კასპი,31,ლამისყანის,1135,1495
კასპი,31,მეტეხის 1,1136,1496
კასპი,31,მეტეხის 2,1137,1507
კასპი,31,ნიგოზეთის,1138,
კასპი,31,ნიზოგის,1139,
კასპი,31,ნიქოზის,1140,
კასპი,31,ოკამის,1141,1497
კასპი,31,სამთავისის,1142,1500
კასპი,31,სასირეთის,1143,1501
კასპი,31,სკრის,1144,1509
კასპი,31,ქვემო გომის,1145,1503
კასპი,31,ქვემო ჭალის,1146,1502
კასპი,31,ქვემო ხანდაკის,1147,1510
კასპი,31,ხანდაკის,1148,
კასპი,31,ხოვლეს,1149,1504
ლაგოდეხი,32,1,1150,1702
ლაგოდეხი,32,2,1151,4078
ლაგოდეხი,32,3,1152,1703
ლაგოდეხი,32,აფენის 1,1153,1632
ლაგოდეხი,32,აფენის 2,1154,1638
ლაგოდეხი,32,ბაისუბნის,1155,1641
ლაგოდეხი,32,გვიმრიანის,1156,1646
ლაგოდეხი,32,გიორგეთის,1157,1648
ლაგოდეხი,32,გურგენიას,1158,4079
ლაგოდეხი,32,დავითიანის,1159,1650
ლაგოდეხი,32,ვარდისუბნის,1160,1688
ლაგოდეხი,32,თამარიანის,1161,1690
ლაგოდეხი,32,თელის,1162,1692
ლაგოდეხი,32,კართუბნის,1163,1700
ლაგოდეხი,32,ლელიანის,1164,1704
ლაგოდეხი,32,მაწიმის,1165,1706
ლაგოდეხი,32,მსხალგორის,1166,1708
ლაგოდეხი,32,ნინიგორის,1167,1710
ლაგოდეხი,32,ფონის,1168,1713
ლაგოდეხი,32,შრომის,1169,1716
ლაგოდეხი,32,ცოდნისკარის,1170,1717
ლაგოდეხი,32,ჭაბუკიანის,1171,1718
ლაგოდეხი,32,ჭიაურის,1172,1719
ლაგოდეხი,32,ჰერეთისკარის,1173,1721
ლანჩხუთი,33,1,1174,2169
ლანჩხუთი,33,აკეთის,1175,2172
ლანჩხუთი,33,აცნის,1176,
ლანჩხუთი,33,ახალსოფლის,1177,2174
ლანჩხუთი,33,გულიანის,1178,4081
ლანჩხუთი,33,იოანე ნათლისმცემლის,1179,
ლანჩხუთი,33,ლესის,1180,2175
ლანჩხუთი,33,მამათის,1181,2176
ლანჩხუთი,33,ნინოშვილის,1182,2179
ლანჩხუთი,33,სუფსის,1183,2180
ლანჩხუთი,33,ქვიანის,1184,2182
ლანჩხუთი,33,შრომისუბნის,1185,2184
ლანჩხუთი,33,ჩოჩხათის,1186,2187
ლანჩხუთი,33,წყალწმინდის,1187,2188
ლანჩხუთი,33,ხაჯალიის,1188,2190
ლანჩხუთი,33,ჯურუყვეთის 2,1189,
მარნეული,34,1,1190,2206
მარნეული,34,2,1191,2207
მარნეული,34,5,1192,2210
მარნეული,34,6,1193,2211
მარნეული,34,7,1194,2212
მარნეული,34,თამარისის 1,1195,1687
მარნეული,34,კირაჩმუღანლოს,1196,1770
მარნეული,34,კირიხლოს,1197,1707
მარნეული,34,ჯანდარას,1198,1789
მარტვილი,35,1,1199,1275
მარტვილი,35,2,1200,1283
მარტვილი,35,აბედათის,1201,1286
მარტვილი,35,ამბროსი ხელაიას,1202,
მარტვილი,35,ბალდის,1203,1300
მარტვილი,35,გაჭედილის,1204,1284
მარტვილი,35,გურძემის,1205,1301
მარტვილი,35,დიდი ჭყონის 1,1206,1276
მარტვილი,35,დიდი ჭყონის 2,1207,1294
მარტვილი,35,დოშაყეს,1208,1282
მარტვილი,35,ვედიდკარის,1209,1280
მარტვილი,35,ზედა ნაგვაზაოს,1210,1303
მარტვილი,35,ზედა ხუნწის,1211,1278
მარტვილი,35,თამაკონის,1212,1299
მარტვილი,35,ინჩხურის,1213,1291
მარტვილი,35,კიწიის,1214,1302
მარტვილი,35,კურზუს,1215,1292
მარტვილი,35,ლედგებეს,1216,1289
მარტვილი,35,ლეციცხვაიეს,1217,1309
მარტვილი,35,ლეხაინდრაოს,1218,1571
მარტვილი,35,მეორე ნამიკოლაოს,1219,1308
მარტვილი,35,მეურნეობის,1220,4082
მარტვილი,35,მეურნეობის 2,1221,
მარტვილი,35,მუსხურჩა,1222,
მარტვილი,35,მუხიანის,1223,1305
მარტვილი,35,ნაგებერაოს,1224,1298
მარტვილი,35,ნაგვაზაოს,1225,4083
მარტვილი,35,ნამიკოლაოს 2,1226,
მარტვილი,35,ნაჩილაჩაოს,1227,4084
მარტვილი,35,ნახუნაოს,1228,1572
მარტვილი,35,ნახურცილაოს,1229,1290
მარტვილი,35,ნოღის,1230,1293
მარტვილი,35,ონოღიას,1231,1287
მარტვილი,35,ოჩეს,1232,1295
მარტვილი,35,სალხინოს,1233,1307
მარტვილი,35,სალხინოს გიმნაზია,1234,
მარტვილი,35,სერგიეთის,1235,1277
მარტვილი,35,სხივი,1236,1310
მარტვილი,35,ტალერის,1237,1304
მარტვილი,35,ქვედა ნაგვაზაოს,1238,1297
მარტვილი,35,ცალერის,1239,
მარტვილი,35,წაჩხურას,1240,1285
მარტვილი,35,ჭყონის,1241,
მარტვილი,35,ხუნწის,1242,1281
მარტვილი,35,ჯოლევის,1243,1306
მესტია,36,1,1244,2282
მესტია,36,ილარიონ ქართველის,1245,
მესტია,36,ლატალის,1246,2291
მესტია,36,ლახამულას,1247,2292
მესტია,36,ლენჯერის 2,1248,2294
მესტია,36,ყარ-სგურიშის,1249,2301
მესტია,36,ჭუბერის,1250,2304
მესტია,36,ხაიშის,1251,2305
მცხეთა,37,1,1252,1102
მცხეთა,37,2,1253,1104
მცხეთა,37,3,1254,4085
მცხეთა,37,7,1255,
მცხეთა,37,ათორმეტ მოციქულთა,1256,1110
მცხეთა,37,ანანურის,1257,4086
მცხეთა,37,ახალდაბის,1258,1100
მცხეთა,37,ბიწმენდის,1259,1106
მცხეთა,37,გალავნის,1260,1094
მცხეთა,37,ერედის,1261,1082
მცხეთა,37,ვაზიანის,1262,1093
მცხეთა,37,ლისის,1263,1101
მცხეთა,37,მთაწმინდელები,1264,4088
მცხეთა,37,მისაქციელის,1265,1103
მცხეთა,37,მუხრანის 1,1266,
მცხეთა,37,მუხრანის 2,1267,4090
მცხეთა,37,მუხრანის 3,1268,1108
მცხეთა,37,ნავაზის,1269,1084
მცხეთა,37,ნატახტარის,1270,1096
მცხეთა,37,ნიჩბისის,1271,1087
მცხეთა,37,ნოზა,1272,4091
მცხეთა,37,პატარა ქანდის,1273,1088
მცხეთა,37,საგურამოს,1274,1085
მცხეთა,37,ქანდის,1275,
მცხეთა,37,ქსნის,1276,1091
მცხეთა,37,ქსოვრისის,1277,1092
მცხეთა,37,ჩარდახის,1278,1099
მცხეთა,37,ციხისძირის,1279,1086
მცხეთა,37,ძალისის,1280,1098
მცხეთა,37,ძეგვის,1281,1090
მცხეთა,37,ძველი ქანდის,1282,1083
მცხეთა,37,წეროვნის 1,1283,1095
მცხეთა,37,წეროვნის 2,1284,1089
მცხეთა,37,წეროვნის 3,1285,1097
მცხეთა,37,წეროვნის 4,1286,4095
მცხეთა,37,წილკნის,1287,1109
მცხეთა,37,წილკნის 2,1288,
ნინოწმინდა,38,4,1289,
ნინოწმინდა,38,ბოგდანოვკის,1290,4097
ნინოწმინდა,38,ორლოვკის,1291,2327
ოზურგეთი,39,1,1292,493
ოზურგეთი,39,2,1293,485
ოზურგეთი,39,25,1298,
ოზურგეთი,39,3,1294,465
ოზურგეთი,39,4,1295,481
ოზურგეთი,39,5,1296,478
ოზურგეთი,39,6,1297,
ოზურგეთი,39,ასკანის,1299,491
ოზურგეთი,39,ბაილეთის,1300,475
ოზურგეთი,39,ბახვის,1301,473
ოზურგეთი,39,ბოხვაურის,1302,466
ოზურგეთი,39,გაბრიელ ეპისკოპოსის,1303,743
ოზურგეთი,39,გაღმა დვაბზუს,1304,459
ოზურგეთი,39,გომის,1305,470
ოზურგეთი,39,გურიანთის,1306,484
ოზურგეთი,39,დაბა ნარუჯის,1307,482
ოზურგეთი,39,დაბა ნასაკირალის,1308,490
ოზურგეთი,39,დაბა ურეკის,1309,457
ოზურგეთი,39,დვაბზუს,1310,467
ოზურგეთი,39,ვაკიჯვრის,1311,458
ოზურგეთი,39,ზაზა დამენიას,1312,4098
ოზურგეთი,39,ზემო ნატანების,1313,489
ოზურგეთი,39,თხინვალის,1314,472
ოზურგეთი,39,კვირიკეთის,1315,486
ოზურგეთი,39,კონჭკათის,1316,462
ოზურგეთი,39,ლაითურის,1317,
ოზურგეთი,39,ლიხაურის,1318,487
ოზურგეთი,39,მაკვანეთის,1319,492
ოზურგეთი,39,მერიის,1320,496
ოზურგეთი,39,მთისპირის,1321,1513
ოზურგეთი,39,ნაგომრის,1322,
ოზურგეთი,39,ნარუჯის,1323,
ოზურგეთი,39,ნასაკირალის,1324,
ოზურგეთი,39,ნატანების,1325,
ოზურგეთი,39,ნატანების 2,1326,4100
ოზურგეთი,39,ნატანების დაწყებითი,1327,
ოზურგეთი,39,ნაღობილევის,1328,2530
ოზურგეთი,39,ორმეთის,1329,494
ოზურგეთი,39,პანსიონი,1330,
ოზურგეთი,39,სამრევლოს,1331,
ოზურგეთი,39,სილაურის,1332,471
ოზურგეთი,39,სოფელ ოზურგეთის,1333,9
ოზურგეთი,39,ურეკის,1334,
ოზურგეთი,39,ქვედა ბახვის,1335,479
ოზურგეთი,39,ქვემო ნატანების,1336,1514
ოზურგეთი,39,ღვთისმშობლის სახელობის,1337,
ოზურგეთი,39,ყოვლადწმინდა ღვთისმშობლის,1338,
ოზურგეთი,39,შემოქმედის,1339,483
ოზურგეთი,39,შრომის,1340,480
ოზურგეთი,39,ჩოჩხათის,1341,
ოზურგეთი,39,ჩოხატაურის 1,1342,
ოზურგეთი,39,ციხისფერდის,1343,474
ოზურგეთი,39,ცხემლისხიდის,1344,461
ოზურგეთი,39,ძიმითის,1345,495
ოზურგეთი,39,წმინდა ნინოს,1346,744
ოზურგეთი,39,ხილაურის,1347,
ოზურგეთი,39,ხრიალეთის,1348,477
ოზურგეთი,39,ჯუმათის,1349,488
რუსთავი,40,1,1350,297
რუსთავი,40,10,1359,298
რუსთავი,40,11,1360,305
რუსთავი,40,12,1361,288
რუსთავი,40,13,1362,290
რუსთავი,40,14,1363,291
რუსთავი,40,15,1364,293
რუსთავი,40,16,1365,294
რუსთავი,40,17,1366,292
რუსთავი,40,18,1367,299
რუსთავი,40,2,1351,285
რუსთავი,40,20,1368,286
რუსთავი,40,21,1369,282
რუსთავი,40,22,1370,303
რუსთავი,40,23,1371,304
რუსთავი,40,24 გიმნაზია,1375,281
რუსთავი,40,25,1372,295
რუსთავი,40,26,1373,296
რუსთავი,40,28,1374,287
რუსთავი,40,3,1352,300
რუსთავი,40,4,1353,283
რუსთავი,40,5,1354,301
რუსთავი,40,6,1355,302
რუსთავი,40,7,1356,284
რუსთავი,40,8,1357,289
რუსთავი,40,9,1358,280
რუსთავი,40,ლაზარე,1376,671
რუსთავი,40,ლამპარი,1377,822
რუსთავი,40,მამა სერგის,1378,
რუსთავი,40,მზეკაბანი,1379,4102
რუსთავი,40,მილენიუმი,1380,1828
რუსთავი,40,ნაზაროს,1381,
რუსთავი,40,ნაკადული,1382,4103
რუსთავი,40,ნიკოლოზ წერეთლის,1383,
რუსთავი,40,რეცა,1384,672
რუსთავი,40,რუსთველი,1385,1081
რუსთავი,40,საუნჯე,1386,1613
რუსთავი,40,ქართული გიმნაზია,1387,
რუსთავი,40,ჩაღლარი,1388,673
რუსთავი,40,ჩირაღდანი,1389,670
საგარეჯო,41,1,1390,1657
საგარეჯო,41,2,1391,1659
საგარეჯო,41,3,1392,1661
საგარეჯო,41,4,1393,1663
საგარეჯო,41,6,1394,
საგარეჯო,41,ბადიაურის,1395,1670
საგარეჯო,41,გიორგიწმინდის,1396,
საგარეჯო,41,გომბორის,1397,1678
საგარეჯო,41,თამარ გარეჯელი,1398,1682
საგარეჯო,41,თოხლიაურის,1399,1667
საგარეჯო,41,იაკობ გოგებაშვილის,1400,
საგარეჯო,41,კაკაბეთის,1401,1639
საგარეჯო,41,მანავის,1402,1647
საგარეჯო,41,მზისგულის,1403,4105
საგარეჯო,41,მუღანლოს,1404,1649
საგარეჯო,41,ნინოწმინდის,1405,1652
საგარეჯო,41,პატარა ჩაილურის,1406,1654
საგარეჯო,41,პატარძეულის,1407,1656
საგარეჯო,41,პატარძეულის ქართულ-ფრანგული,1408,
საგარეჯო,41,საგარეჯოს,1409,4107
საგარეჯო,41,უდაბნოს,1410,1668
საგარეჯო,41,უჯარმის,1411,1627
საგარეჯო,41,ქართულ-ფრანგული,1412,1684
საგარეჯო,41,ყანდაურის,1413,1635
საგარეჯო,41,შიბლიანის,1414,1665
საგარეჯო,41,შპს თამარი გარეჯელი,1415,
საგარეჯო,41,ჩაილურის,1416,4109
საგარეჯო,41,წმინდა გიორგის,1417,4110
საგარეჯო,41,წყაროსთავის,1418,1629
საგარეჯო,41,ხაშმის,1419,1631
სამტრედია,42,1,1420,770
სამტრედია,42,10,1428,765
სამტრედია,42,11,1429,766
სამტრედია,42,12,1430,763
სამტრედია,42,2,1421,782
სამტრედია,42,3,1422,773
სამტრედია,42,4,1423,772
სამტრედია,42,6,1424,771
სამტრედია,42,7,1425,781
სამტრედია,42,8,1426,756
სამტრედია,42,9,1427,786
სამტრედია,42,ბაშის,1431,752
სამტრედია,42,გომის,1432,785
სამტრედია,42,დაბლა გომის,1433,750
სამტრედია,42,დიდი ჯიხაიშის,1434,784
სამტრედია,42,დიდი ჯიხაიშის 1,1435,
სამტრედია,42,დიდი ჯიხაიშის 3,1436,
სამტრედია,42,ეწერის,1437,778
სამტრედია,42,ვაზისუბნის,1438,
სამტრედია,42,ვაზისუბნის დაწყებითი,1439,4113
სამტრედია,42,იანეთის,1440,767
სამტრედია,42,კორმაღლის,1441,753
სამტრედია,42,კულაშის,1442,
სამტრედია,42,კულაშის,1461,
სამტრედია,42,მართლმადიდებლური,1443,824
სამტრედია,42,მელაურის,1444,780
სამტრედია,42,მკურნალის,1445,4114
სამტრედია,42,მულაურის,1446,
სამტრედია,42,ნაბაკევის,1447,777
სამტრედია,42,ნაზარი ლეჟავას,1448,
სამტრედია,42,ნიგორზღვის,1449,760
სამტრედია,42,ნოღის,1450,755
სამტრედია,42,ოფეთის 1,1451,754
სამტრედია,42,საჯავახოს,1452,769
სამტრედია,42,ტოლების,1453,774
სამტრედია,42,ქვაყუდის,1454,758
სამტრედია,42,ქოლობნის,1455,
სამტრედია,42,ღანირის,1456,775
სამტრედია,42,ჩხენიშის,1457,764
სამტრედია,42,ცოდნა,1458,783
სამტრედია,42,ჭაგნის,1459,762
სამტრედია,42,ჭოგნარის,1460,776
საჩხერე,43,1,1462,1790
საჩხერე,43,2,1463,1791
საჩხერე,43,3,1464,1792
საჩხერე,43,არგვეთის,1465,1793
საჩხერე,43,გამოღმა არგვეთის,1466,1794
საჩხერე,43,გორისის,1467,1795
საჩხერე,43,დარყის 2,1468,4116
საჩხერე,43,იტავაზის,1469,1796
საჩხერე,43,კორბოულის 1,1470,1797
საჩხერე,43,კორბოულის 2,1471,1798
საჩხერე,43,მახათაურის,1472,1800
საჩხერე,43,მერჯევის,1473,1801
საჩხერე,43,მოძვის,1474,1802
საჩხერე,43,ორღულის,1475,1805
საჩხერე,43,პერევისის,1476,1806
საჩხერე,43,სავანის,1477,1808
საჩხერე,43,საირხის,1478,1809
საჩხერე,43,სარეკის,1479,1810
საჩხერე,43,სისვაძეების,1480,
საჩხერე,43,სპეთის,1481,1811
საჩხერე,43,სხვიტორის,1482,1812
საჩხერე,43,ქორეთის,1483,1814
საჩხერე,43,ჩიხის,1484,1816
საჩხერე,43,ცხომარეთის,1485,
საჩხერე,43,წმინდა ნინოს,1486,813
საჩხერე,43,ჭალის,1487,1819
საჩხერე,43,ჭალოვნის,1488,1820
საჩხერე,43,ჭორვილის,1489,1821
საჩხერე,43,ჯალაურთის,1490,787
სენაკი,44,1,1491,1201
სენაკი,44,2,1492,1210
სენაკი,44,3,1493,1216
სენაკი,44,4,1494,4120
სენაკი,44,7,1495,1211
სენაკი,44,ალექსი შუშანიას,1496,
სენაკი,44,ამბროსი ხელაიას,1497,
სენაკი,44,აპოდიქსი,1498,1224
სენაკი,44,აფხაზეთის 7,1499,4121
სენაკი,44,ახალსოფლის,1500,1202
სენაკი,44,განათლება,1501,4122
სენაკი,44,გეჯეთის,1502,1200
სენაკი,44,გიმნაზია,1503,
სენაკი,44,ეკის,1504,1206
სენაკი,44,ზანის,1505,1212
სენაკი,44,ზემო ფოცხოს,1506,1209
სენაკი,44,ზემო ჭალადიდის,1507,1199
სენაკი,44,თეკლათის,1508,1205
სენაკი,44,იესემი,1509,4123
სენაკი,44,კერძო სკოლა ლიცეუმი,1510,1221
სენაკი,44,კოტიანეთის,1511,1213
სენაკი,44,ლეძაძამეს,1512,1208
სენაკი,44,ლიცეუმი,1513,
სენაკი,44,მაია მზარელუა,1514,1220
სენაკი,44,მარიოტა,1515,1219
სენაკი,44,მენჯის,1516,1214
სენაკი,44,მეორე ნოსირის,1517,1568
სენაკი,44,ნოსირის,1518,
სენაკი,44,ნოსირის 2,1519,
სენაკი,44,ნოქალაქევის,1520,4124
სენაკი,44,პელაგონი,1521,1222
სენაკი,44,სასულიერო,1522,
სენაკი,44,სკოლა გიმნაზია,1523,1223
სენაკი,44,უშაფათის,1524,1207
სენაკი,44,ფოცხოს,1525,1215
სენაკი,44,ქვემო ფოცხოს,1526,
სენაკი,44,ძველი სენაკის,1527,1203
სენაკი,44,ხორშის,1528,1569
სიღნაღი,45,1,1529,
სიღნაღი,45,ანაგის,1530,2359
სიღნაღი,45,ბოდბის,1531,2360
სიღნაღი,45,ბოდბისხევის,1532,2361
სიღნაღი,45,ეტალონი 2015,1533,2356
სიღნაღი,45,ვაქირის,1534,2363
სიღნაღი,45,ზემო ბოდბის 1,1535,2364
სიღნაღი,45,ილიაწმინდის,1536,
სიღნაღი,45,ინტელექტი,1537,2357
სიღნაღი,45,მაღაროს,1538,2366
სიღნაღი,45,მაჩხაანის,1539,4126
სიღნაღი,45,ნუკრიანის,1540,2367
სიღნაღი,45,ნუკრიანის 1,1541,
სიღნაღი,45,პროგრესი 010,1542,2358
სიღნაღი,45,საქობოს,1543,2369
სიღნაღი,45,სიღნაღის,1544,2370
სიღნაღი,45,ტიბაანის,1545,2371
სიღნაღი,45,ქვედა ბოდბის,1546,
სიღნაღი,45,ქვემო ბოდბის,1547,
სიღნაღი,45,შპს პროგრესი 90,1552,
სიღნაღი,45,წნორის,1548,
სიღნაღი,45,წნორის 1,1549,2374
სიღნაღი,45,წნორის 3,1550,2375
სიღნაღი,45,ხირსის,1551,2376
ტყიბული,46,1,1553,2380
ტყიბული,46,4,1554,2382
ტყიბული,46,6,1555,2384
ტყიბული,46,გელათის,1556,2387
ტყიბული,46,გურნის,1557,2388
ტყიბული,46,კურსების,1558,2390
ტყიბული,46,ორპირის,1559,2394
ტყიბული,46,ციხიას,1560,2398
ტყიბული,46,ხრესილის,1561,2402
ურეკი,47,ურეკის,1562,
ურეკი,47,წმინდა ნიკოლოზის,1563,
ფოთი,48,1,1564,411
ფოთი,48,11,1572,412
ფოთი,48,12,1573,415
ფოთი,48,14,1574,4131
ფოთი,48,15,1575,414
ფოთი,48,2,1565,410
ფოთი,48,3,1566,418
ფოთი,48,4,1567,417
ფოთი,48,5,1568,419
ფოთი,48,6,1569,409
ფოთი,48,7,1570,416
ფოთი,48,8,1571,413
ფოთი,48,აფხაზეთის 21,1576,4133
ფოთი,48,ბალავარი,1577,4135
ფოთი,48,გიმნაზია,1578,
ფოთი,48,თამარ ფაჩულიას საავტორო სკოლა-გიმნაზია,1579,739
ფოთი,48,ფაჩულიას გიმნაზია,1580,
ფოთი,48,შპს გიმნაზია,1581,740
ფოთი,48,წმინდა ნიკოლოზის,1582,741
ფოთი,48,ჭალადიდის,1583,4136
ქარელი,49,1,1584,967
ქარელი,49,2,1585,983
ქარელი,49,3,1586,
ქარელი,49,აბანოს,1587,978
ქარელი,49,აბისის,1588,969
ქარელი,49,აგარის,1589,971
ქარელი,49,ავლევის,1590,982
ქარელი,49,ატოცის საჯარო,1591,994
ქარელი,49,ახალდაბის,1592,4137
ქარელი,49,ახალსოფლის,1593,979
ქარელი,49,ბებნისის,1594,985
ქარელი,49,ბერძენაულის,1595,4138
ქარელი,49,ბრეთის,1596,973
ქარელი,49,გვერძინეთის,1597,974
ქარელი,49,გიმნაზია,1598,
ქარელი,49,გიორგი მთაწმინდელის,1599,
ქარელი,49,დვანის,1600,988
ქარელი,49,დირბის,1601,991
ქარელი,49,ვაყის,1602,
ქარელი,49,ზემო ხვედურეთის,1603,975
ქარელი,49,ზეღდულეთის,1604,
ქარელი,49,თამარაშენის,1605,995
ქარელი,49,კეხიჯვრის,1606,977
ქარელი,49,მოხისის,1607,965
ქარელი,49,რუისის,1608,4140
ქარელი,49,რუისის 1,1609,972
ქარელი,49,რუისის 2,1610,993
ქარელი,49,რუისის 3,1611,968
ქარელი,49,სამწევრისის,1612,4141
ქარელი,49,სასირეთის,1613,
ქარელი,49,სასულიერო,1614,
ქარელი,49,საციხურის,1615,996
ქარელი,49,ტახტისძირის,1616,987
ქარელი,49,ურბნისის,1617,989
ქარელი,49,ფცის,1618,986
ქარელი,49,ქარელის,1619,
ქარელი,49,ქვემო ხვედურეთის,1620,964
ქარელი,49,ქვენატკოცის,1621,963
ქარელი,49,ღირსი მამა გიორგი მთამინდელის,1622,
ქარელი,49,ცერონისის,1623,970
ქარელი,49,ძლევიჯვრის,1624,984
ქარელი,49,წმინდა გიორგის,1625,997
ქარელი,49,ხეობის,1626,992
ქედა,50,ახოს,1627,2408
ქედა,50,გეგელიძეების,1628,2409
ქედა,50,გოგიაშვილების,1629,2410
ქედა,50,დაბა ქედის,1630,2411
ქედა,50,დანდალოს,1631,
ქედა,50,ინაშარიძეების,1632,2417
ქედა,50,კოლიტაურის,1633,2420
ქედა,50,მერისის,1634,2422
ქედა,50,ოქტომბრის,1635,2425
ქედა,50,პირველი მაისის,1636,2426
ქედა,50,უჩხითის,1637,2427
ქედა,50,ქვედა მახუნცეთის,1638,2428
ქედა,50,ძენწმანის,1639,
ქედა,50,წონიარისის,1640,2431
ქედა,50,ჯალაბაშვილების,1641,2433
ქობულეთი,51,1,1642,1312
ქობულეთი,51,2,1643,1313
ქობულეთი,51,3,1644,1314
ქობულეთი,51,5,1645,1077
ქობულეთი,51,6,1646,1064
ქობულეთი,51,8,1647,4146
ქობულეთი,51,ალამბრის,1648,1315
ქობულეთი,51,აჭყვას,1649,1074
ქობულეთი,51,აჭყვისთავის,1650,1317
ქობულეთი,51,ბობოყვათის,1651,1072
ქობულეთი,51,ბუკნარის,1652,1318
ქობულეთი,51,გვარას,1653,1319
ქობულეთი,51,გორგაძეების,1654,1069
ქობულეთი,51,დაგვას,1655,1320
ქობულეთი,51,ელიტ სქული,1656,1335
ქობულეთი,51,ზედა აჭყვას,1657,1321
ქობულეთი,51,ზედა კვირიკეს,1658,1068
ქობულეთი,51,ზედა სამების,1659,1057
ქობულეთი,51,ზენითის,1660,1322
ქობულეთი,51,კვირიკეს 1,1661,1323
ქობულეთი,51,კვირიკეს 2,1662,1324
ქობულეთი,51,კირიონ მეორის,1663,1338
ქობულეთი,51,კონდიდის,1664,1058
ქობულეთი,51,ლეღვას,1665,
ქობულეთი,51,ლეღვას 1,1666,1079
ქობულეთი,51,ლეღვას 2,1667,1078
ქობულეთი,51,ლიცეუმი,1668,4148
ქობულეთი,51,მედიანა 2011,1669,4149
ქობულეთი,51,მეფე დავითის,1670,
ქობულეთი,51,მუხაესტატეს,1671,1073
ქობულეთი,51,ნაკაიძეების,1672,1325
ქობულეთი,51,ოჩხამურის,1673,1326
ქობულეთი,51,სამების,1674,1065
ქობულეთი,51,სასულიერო,1675,1337
ქობულეთი,51,საჩინოს,1676,1075
ქობულეთი,51,სახალვაშოს,1677,1070
ქობულეთი,51,სკურას,1678,1327
ქობულეთი,51,სოფელ ქობულეთის,1679,1067
ქობულეთი,51,ფარნავაზი,1680,1336
ქობულეთი,51,ქაქუთის,1681,1328
ქობულეთი,51,ქვედა კვირიკეს,1682,1580
ქობულეთი,51,ქვედა სამების,1683,
ქობულეთი,51,ქვემო სამების,1684,
ქობულეთი,51,ქობულეთის,1685,
ქობულეთი,51,შუაღელის,1686,1062
ქობულეთი,51,ჩაისუბნის 2,1687,
ქობულეთი,51,ჩაქვის 2,1688,1066
ქობულეთი,51,ცეცხლაურის 1,1689,1329
ქობულეთი,51,ცეცხლაურის 2,1690,1330
ქობულეთი,51,ციხისძირის,1691,1331
ქობულეთი,51,წყავროკის,1692,1332
ქობულეთი,51,წყაროსთავის,1693,
ქობულეთი,51,ჭახათის,1694,1060
ქობულეთი,51,ხალას,1695,1061
ქობულეთი,51,ხუცუბნის,1696,1333
ქობულეთი,51,ჯიხანჯურის,1697,1334
ქუთაისი,2,1,1698,327
ქუთაისი,2,10,1707,323
ქუთაისი,2,11,1708,311
ქუთაისი,2,12,1709,344
ქუთაისი,2,13,1710,317
ქუთაისი,2,14,1711,315
ქუთაისი,2,15,1712,306
ქუთაისი,2,16,1713,337
ქუთაისი,2,17,1714,316
ქუთაისი,2,19,1715,322
ქუთაისი,2,2,1699,333
ქუთაისი,2,20,1716,318
ქუთაისი,2,21,1717,335
ქუთაისი,2,21 საუკუნე,1737,637
ქუთაისი,2,22,1718,324
ქუთაისი,2,23,1719,331
ქუთაისი,2,24,1720,319
ქუთაისი,2,25,1721,342
ქუთაისი,2,26,1722,307
ქუთაისი,2,27,1723,4151
ქუთაისი,2,28,1724,343
ქუთაისი,2,29,1725,328
ქუთაისი,2,3,1700,314
ქუთაისი,2,30,1726,332
ქუთაისი,2,31,1727,336
ქუთაისი,2,32,1728,309
ქუთაისი,2,33,1729,308
ქუთაისი,2,34,1730,341
ქუთაისი,2,35,1731,312
ქუთაისი,2,36,1732,329
ქუთაისი,2,37,1733,320
ქუთაისი,2,38,1734,340
ქუთაისი,2,4,1701,4150
ქუთაისი,2,40,1735,325
ქუთაისი,2,41,1736,310
ქუთაისი,2,5,1702,330
ქუთაისი,2,6,1703,321
ქუთაისი,2,7,1704,339
ქუთაისი,2,8,1705,334
ქუთაისი,2,9,1706,313
ქუთაისი,2,ალმა მატერი,1738,
ქუთაისი,2,აფხაზეთის,1739,1581
ქუთაისი,2,აფხაზეთის 5,1740,
ქუთაისი,2,აფხაზეთის 6,1741,1615
ქუთაისი,2,ახალი ქართული სკოლა,1742,645
ქუთაისი,2,გიმნაზია,1743,
ქუთაისი,2,გონი,1744,647
ქუთაისი,2,გოქაძე,1745,634
ქუთაისი,2,დემირელი,1746,641
ქუთაისი,2,ერუდიტი,1747,4154
ქუთაისი,2,იაკობ გოგებაშვილის,1748,1824
ქუთაისი,2,იმედი,1749,643
ქუთაისი,2,ინტელექტი,1750,638
ქუთაისი,2,კადეტთა სამხედრო ლიცეუმი,1751,338
ქუთაისი,2,კაჯიეხელის,1752,
ქუთაისი,2,კვანტი,1753,635
ქუთაისი,2,ლამპარი,1754,636
ქუთაისი,2,მერმისი,1755,639
ქუთაისი,2,მომავალი,1756,4157
ქუთაისი,2,მომავლის,1757,4157
ქუთაისი,2,ნიკოლაძის,1758,641
ქუთაისი,2,პროგრესი,1759,640
ქუთაისი,2,სიმონეთის 1,1760,
ქუთაისი,2,ტოლების,1761,
ქუთაისი,2,ქართული სკოლა,1762,
ქუთაისი,2,ქეიჯიესელი,1763,
ქუთაისი,2,ღონე ქვეყნისა,1764,644
ქუთაისი,2,წმინდა ნინოს,1765,
ყაზბეგი,53,არშის,1766,2436
ყაზბეგი,53,გუდაურის,1767,2438
ყვარელი,54,1,1768,2445
ყვარელი,54,2,1769,2446
ყვარელი,54,ალმატის,1770,2447
ყვარელი,54,ახალსოფლის 2,1771,2449
ყვარელი,54,ბალღოჯიანის,1772,2450
ყვარელი,54,გავაზის,1773,2451
ყვარელი,54,ენისელის,1774,2453
ყვარელი,54,ზინობიანის,1775,2454
ყვარელი,54,ილია მართლის,1776,2444
ყვარელი,54,საბუის,1777,2458
ყვარელი,54,სანავარდოს,1778,2459
ყვარელი,54,შაქრიანის,1779,4161
ყვარელი,54,შილდის 1,1780,2461
ყვარელი,54,შილდის 2,1781,2462
ყვარელი,54,წიწკანაანთსერის,1782,
ყვარელი,54,ჭიკაანის,1783,2465
შუახევი,55,ბრილის,1784,
შუახევი,55,ბუთურაულის,1785,2471
შუახევი,55,გრიგოლ ხანძთელის,1786,
შუახევი,55,კვიახიძეების,1787,2483
შუახევი,55,ნაღვარევის,1788,2487
შუახევი,55,ნიგაზეულის,1789,2489
შუახევი,55,ტაკიძეების,1790,2494
შუახევი,55,ფურტიოს,1791,2498
შუახევი,55,შუახევის,1792,4163
შუახევი,55,ჩანჩხალოს,1793,2501
შუახევი,55,ცინარეთის,1794,2502
შუახევი,55,ცხემლისის,1795,2503
შუახევი,55,წაბლანის,1796,2504
შუახევი,55,წყაროთის,1797,2505
შუახევი,55,ჭალის,1798,2506
შუახევი,55,ჭვანის,1799,2507
შუახევი,55,ხაბელაშვილების,1800,2508
შუახევი,55,ხიჭაურის,1801,2467
ჩოხატაური,56,1,1802,2513
ჩოხატაური,56,ბასილეთის,1803,2515
ჩოხატაური,56,სამრევლოს,1804,
ჩოხატაური,56,სასულიერო,1805,
ჩოხატაური,56,ქვენობნის,1806,2535
ჩოხატაური,56,ყოვლადწმინდა ღვთისმშობლის,1807,2512
ჩოხატაური,56,ჩოხატაურის,1808,
ჩოხატაური,56,ჩხაკოურის,1809,
ჩხოროწყუ,57,1,1810,1191
ჩხოროწყუ,57,2,1811,1195
ჩხოროწყუ,57,3,1812,4164
ჩხოროწყუ,57,აფხაზეთის 10,1813,4165
ჩხოროწყუ,57,ახუთის 1,1814,1192
ჩხოროწყუ,57,ახუთის 2,1815,1193
ჩხოროწყუ,57,ზუმის,1816,1180
ჩხოროწყუ,57,თაიას,1817,1183
ჩხოროწყუ,57,კირცხის 1,1818,1198
ჩხოროწყუ,57,კირცხის 2,1819,1187
ჩხოროწყუ,57,ლესიჭინეს,1820,
ჩხოროწყუ,57,ლეწურწუმეს,1821,1188
ჩხოროწყუ,57,მეორე ჭოღის,1822,
ჩხოროწყუ,57,მოდინახეს 1,1823,4166
ჩხოროწყუ,57,მუხურის,1824,1197
ჩხოროწყუ,57,მუხურის 1,1825,
ჩხოროწყუ,57,მუხურის 2,1826,4167
ჩხოროწყუ,57,ნაკიანის,1827,1181
ჩხოროწყუ,57,ნაფიჩხოვოს,1828,1190
ჩხოროწყუ,57,პირველი ჭოღის,1829,
ჩხოროწყუ,57,ქვედა,1830,
ჩხოროწყუ,57,ქვედა ჩხოროწყუს,1831,
ჩხოროწყუ,57,ჭოღის,1832,1182
ჩხოროწყუ,57,ჭოღის 2,1833,
ჩხოროწყუ,57,ხაბუმეს 1,1834,1184
ჩხოროწყუ,57,ხაბუმეს 3,1835,1186
ჩხოროწყუ,57,ჯგალის,1836,
ცაგერი,58,1,1837,4169
ცაგერი,58,ბარდნალის,1838,2548
ცაგერი,58,ზუბის,1839,2550
ცაგერი,58,ლაჯანის,1840,2556
ცაგერი,58,ქვედა ცაგერის,1841,
ცაგერი,58,ცაგერის,1842,2570
წალენჯიხა,59,1,1843,1168
წალენჯიხა,59,2,1844,1161
წალენჯიხა,59,3,1845,1177
წალენჯიხა,59,4,1846,1159
წალენჯიხა,59,5,1847,1173
წალენჯიხა,59,6,1848,1153
წალენჯიხა,59,7,1849,1169
წალენჯიხა,59,ეწერის,1850,1174
წალენჯიხა,59,თაიას,1851,
წალენჯიხა,59,ლიის 1,1852,1158
წალენჯიხა,59,ლიის 2,1853,1160
წალენჯიხა,59,ლიცეუმი,1854,4173
წალენჯიხა,59,მაზანდარის 4,1855,4174
წალენჯიხა,59,მედანის,1856,1175
წალენჯიხა,59,მიქავას 1,1857,1172
წალენჯიხა,59,მიქავას 2,1858,1155
წალენჯიხა,59,მუჟავას,1859,1150
წალენჯიხა,59,ნაკიფუს 1,1860,1154
წალენჯიხა,59,ნაფიჩხოვოს 1,1861,
წალენჯიხა,59,ობუჯის 1,1862,1157
წალენჯიხა,59,ობუჯის 2,1863,1163
წალენჯიხა,59,ოჭანეს,1864,4176
წალენჯიხა,59,საკალანდიოს 3,1865,4178
წალენჯიხა,59,საჩინოს 1,1866,1165
წალენჯიხა,59,საჩინოს 2,1867,1152
წალენჯიხა,59,ფახულანის 1,1868,1164
წალენჯიხა,59,ფახულანის 2,1869,1162
წალენჯიხა,59,ქიაჩი,1870,1179
წალენჯიხა,59,ჩქვალერის,1871,1170
წალენჯიხა,59,ჭალის 1,1872,1178
წალენჯიხა,59,ჭალის 2,1873,1149
წალენჯიხა,59,ჯგალის,1874,1151
წალენჯიხა,59,ჯვარის 1,1875,1176
წალენჯიხა,59,ჯვარის 2,1876,1166
წალენჯიხა,59,ჯვარის 3,1877,1156
წალენჯიხა,59,ჯვარის 4,1878,1167
წალკა,60,1,1879,1693
წალკა,60,2,1880,1696
წალკა,60,არწივნის,1881,1736
წალკა,60,ახალშენის,1882,1741
წალკა,60,ბარეთის,1883,1740
წალკა,60,ბედიანის,1884,1742
წალკა,60,ბეშთაშენის,1885,1743
წალკა,60,განთიადის,1886,1744
წალკა,60,გუმბათის,1887,1745
წალკა,60,დარაქოვის,1888,1746
წალკა,60,დაშბაშის,1889,1747
წალკა,60,ზედა სკოლა,1890,
წალკა,60,თრიალეთის,1891,1749
წალკა,60,იმერის,1892,
წალკა,60,კიზილკილისის,1893,1751
წალკა,60,ნარდევანის,1894,1753
წალკა,60,რეხის,1895,1755
წალკა,60,საბეჭისის,1896,1756
წალკა,60,სამების,1897,1757
წალკა,60,საყდრიონის,1898,1758
წალკა,60,ტბეთის,1899,4182
წალკა,60,წალკის,1900,4184
წალკა,60,წინწყაროს,1901,1760
წალკა,60,ხადიკის (ტბეთი),1902,
წალკა,60,ხანდოს,1903,1761
წალკა,60,ხარების,1904,1762
წალკა,60,ხაჩკოვის,1905,1763
წალკა,60,ჯინისის,1906,4186
წყალტუბო,61,1,1907,1471
წყალტუბო,61,2,1908,1470
წყალტუბო,61,3,1909,1455
წყალტუბო,61,4,1910,1478
წყალტუბო,61,ახალი საყულიის,1911,1452
წყალტუბო,61,ბანოჯის,1912,1443
წყალტუბო,61,ბროწეულას,1913,1472
წყალტუბო,61,გაბრიელ ეპისკოპოსის,1914,1450
წყალტუბო,61,გეგუთის 1,1915,1468
წყალტუბო,61,გეგუთის 2,1916,1480
წყალტუბო,61,გვიშტიბის,1917,1458
წყალტუბო,61,გიმნაზია,1918,
წყალტუბო,61,გუბისწყლის,1919,1466
წყალტუბო,61,გუმათის,1920,1449
წყალტუბო,61,დერჩის,1921,1463
წყალტუბო,61,დერჩის 1,1922,
წყალტუბო,61,დღნორისის,1923,1442
წყალტუბო,61,ვარციხჰესების,1924,1462
წყალტუბო,61,ზედა მესხეთის ბროწეულას,1925,
წყალტუბო,61,კურსების,1926,1481
წყალტუბო,61,მაღლაკის 1,1927,
წყალტუბო,61,მაღლაკის 2,1928,1475
წყალტუბო,61,მეორე უბნის,1929,4187
წყალტუბო,61,მესხეთის,1930,1447
წყალტუბო,61,მუხიანის,1931,1454
წყალტუბო,61,ორპირის,1932,
წყალტუბო,61,ოფურჩხეთის,1933,1451
წყალტუბო,61,ოფშკვითის,1934,1446
წყალტუბო,61,ოცნება,1935,1457
წყალტუბო,61,პატრიკეთის,1936,1469
წყალტუბო,61,ჟონეთის,1937,1477
წყალტუბო,61,რიონის,1938,1479
წყალტუბო,61,რიონის 2,1939,
წყალტუბო,61,სასულიერო,1940,
წყალტუბო,61,საყულიის,1941,1460
წყალტუბო,61,სორმონის,1942,1476
წყალტუბო,61,სოფელ წყალტუბოს,1943,4190
წყალტუბო,61,ტყაჩირის,1944,1467
წყალტუბო,61,ფარცხანაყანევის 1,1945,1461
წყალტუბო,61,ფარცხანაყანევის 2,1946,1482
წყალტუბო,61,ფარცხანაყანევის 3,1947,1445
წყალტუბო,61,ფარცხანაყანევის 4,1948,1464
წყალტუბო,61,ქვილიშორის,1949,1453
წყალტუბო,61,ქვიტირის,1950,1444
წყალტუბო,61,ყუმისთავის,1951,4192
წყალტუბო,61,ჩუნეშის,1952,4193
წყალტუბო,61,ცხუნკურის 1,1953,
წყალტუბო,61,ცხუნკურის 2,1954,1473
წყალტუბო,61,წითელხევის,1955,
წყალტუბო,61,წყალტუბოს,1956,
წყალტუბო,61,ჭოგნარის,1957,
ჭიათურა,62,1,1958,890
ჭიათურა,62,2,1959,874
ჭიათურა,62,3,1960,868
ჭიათურა,62,4,1961,1575
ჭიათურა,62,5,1962,882
ჭიათურა,62,7,1963,885
ჭიათურა,62,ანდრია პირველწოდებულის,1964,899
ჭიათურა,62,ბერეთისის,1965,891
ჭიათურა,62,გეზრულის,1966,4195
ჭიათურა,62,დარკვეთის,1967,870
ჭიათურა,62,ეწერის,1968,876
ჭიათურა,62,ვაჭევის,1969,873
ჭიათურა,62,ზედა უსახელოს,1970,881
ჭიათურა,62,ზემო ჭალადიდის,1971,
ჭიათურა,62,ზოდის,1972,1618
ჭიათურა,62,თაბაგრების,1973,884
ჭიათურა,62,ითხვისის,1974,
ჭიათურა,62,ითხვისის 1,1975,1619
ჭიათურა,62,ითხვისის 2,1976,877
ჭიათურა,62,კაცხის,1977,1577
ჭიათურა,62,კორბოულის 2,1978,
ჭიათურა,62,ლიცეუმი,1979,
ჭიათურა,62,მანდაეთის,1980,897
ჭიათურა,62,მართლმადიდებლური,1981,
ჭიათურა,62,მერევის,1982,865
ჭიათურა,62,მეჩხეთურის,1983,892
ჭიათურა,62,მორძგვეთის,1984,887
ჭიათურა,62,ნავარძეთის,1985,864
ჭიათურა,62,ნიგოზეთის,1986,878
ჭიათურა,62,ნილემი,1987,898
ჭიათურა,62,პერევისის,1988,883
ჭიათურა,62,რგანის,1989,863
ჭიათურა,62,რცხილათის,1990,880
ჭიათურა,62,სასულიერო,1991,
ჭიათურა,62,სვერის,1992,872
ჭიათურა,62,სკინდორის,1993,1576
ჭიათურა,62,ტყემლოვანის,1994,893
ჭიათურა,62,უსახელოს,1995,
ჭიათურა,62,ქვაციხის,1996,862
ჭიათურა,62,ქვედა ზოდის,1997,
ჭიათურა,62,ქვედა უსახელოს,1998,4200
ჭიათურა,62,ღვითორის,1999,888
ჭიათურა,62,შუქრუთის,2000,
ჭიათურა,62,შუქრუთის 2,2001,894
ჭიათურა,62,ცხრუკვეთის,2002,879
ჭიათურა,62,წასრის,2003,861
ჭიათურა,62,წირქვალის,2004,895
ჭიათურა,62,წყალშავის,2005,
ჭიათურა,62,ჭირქვალის,2006,
ჭიათურა,62,ჭორვილის,2007,
ჭიათურა,62,ხალიფაურის,2008,896
ჭიათურა,62,ხვაშითის,2009,866
ჭიათურა,62,ხრეითის 1,2010,889
ჭიათურა,62,ხრეითის 2,2011,886
ჭიათურა,62,ჯვარიეწრის,2012,
ხარაგაული,63,1,2013,4203
ხარაგაული,63,2,2014,1340
ხარაგაული,63,3,2015,1341
ხარაგაული,63,ანდრია პირველწოდებულის,2016,4204
ხარაგაული,63,ბაზალეთის,2017,1360
ხარაგაული,63,ბორითის,2018,1583
ხარაგაული,63,ბორის,2019,1584
ხარაგაული,63,გედსამანიის,2020,4205
ხარაგაული,63,დაბა ხარაგაულის 3,2021,
ხარაგაული,63,ვარძიის,2022,1353
ხარაგაული,63,ვახანის,2023,1346
ხარაგაული,63,ვერტყვიჭალის,2024,1359
ხარაგაული,63,ზვარეს,2025,1347
ხარაგაული,63,კაცხის,2026,
ხარაგაული,63,კიცხის,2027,1349
ხარაგაული,63,ლაშის,2028,1348
ხარაგაული,63,ლეღვანის,2029,1344
ხარაგაული,63,მარელისის,2030,1343
ხარაგაული,63,მოლითის,2031,1345
ხარაგაული,63,ნადაბურის,2032,1355
ხარაგაული,63,საღანძილის,2033,1342
ხარაგაული,63,უბისის,2034,
ხარაგაული,63,ღორეშის,2035,1356
ხარაგაული,63,წიფის,2036,1351
ხარაგაული,63,წყალაფორეთის,2037,1352
ხარაგაული,63,ხევის,2038,1358
ხარაგაული,63,ხიდრის,2039,1350
ხარაგაული,63,ხუნევის,2040,1361
ხაშური,64,1,2041,1022
ხაშური,64,14,2049,
ხაშური,64,2,2042,1018
ხაშური,64,3,2086,1028
ხაშური,64,4,2043,1023
ხაშური,64,5,2044,1021
ხაშური,64,6,2045,1013
ხაშური,64,7,2046,1002
ხაშური,64,8,2047,1016
ხაშური,64,9,2048,1007
ხაშური,64,აბისის,2050,
ხაშური,64,ალის,2051,1015
ხაშური,64,აძვისის,2052,1011
ხაშური,64,ბეკმის,2053,
ხაშური,64,ბეღლითის,2054,4209
ხაშური,64,ბრილის,2055,
ხაშური,64,ბროლოსნის,2056,1029
ხაშური,64,გომის,2057,1019
ხაშური,64,დიმიტრი ყიფიანის,2087,1031
ხაშური,64,ვაყის,2058,1001
ხაშური,64,ზვარის,2059,
ხაშური,64,თამარაშენის,2060,
ხაშური,64,ილია ჭავჭავაძის,2061,
ხაშური,64,მახატბერის,2062,
ხაშური,64,მოხისის,2063,
ხაშური,64,ნაბახტევის,2064,1009
ხაშური,64,ოსიაურის,2065,1025
ხაშური,64,ოძისის,2066,999
ხაშური,64,სატივის,2067,1005
ხაშური,64,სურამის 1,2068,1014
ხაშური,64,სურამის 2,2069,1010
ხაშური,64,სურამის 3,2070,1017
ხაშური,64,სურამის 4,2071,1004
ხაშური,64,სურამის რუსული სკოლა,2072,
ხაშური,64,ტეზრის,2073,1026
ხაშური,64,ტკოცის,2074,998
ხაშური,64,ფლევის,2075,1006
ხაშური,64,ქემფრის,2076,1008
ხაშური,64,ქვემო გომის,2077,
ხაშური,64,ქვიშხეთის,2078,1027
ხაშური,64,ქვიშხეთის 1,2079,
ხაშური,64,ქინძათის,2080,1000
ხაშური,64,ცხრამუხის,2081,1024
ხაშური,64,წაღვლის,2082,1020
ხაშური,64,წაჩხურას,2083,
ხაშური,64,წრომის,2084,1012
ხაშური,64,ხცისის,2085,1003
ხელვაჩაური,65,1,2088,2574
ხელვაჩაური,65,3,2089,4211
ხელვაჩაური,65,აგარის,2090,2575
ხელვაჩაური,65,აჭარისაღმართის,2091,2576
ხელვაჩაური,65,აჭარისწყლის,2092,2577
ხელვაჩაური,65,ახალსოფლის,2093,2578
ხელვაჩაური,65,ახალშენის,2094,4212
ხელვაჩაური,65,ახალშენის 1,2095,2579
ხელვაჩაური,65,ახალშენის 2,2096,2580
ხელვაჩაური,65,ახოს,2097,2594
ხელვაჩაური,65,განთიადის,2098,2581
ხელვაჩაური,65,ერგეს,2099,2583
ხელვაჩაური,65,ზედა განთიადის,2100,2584
ხელვაჩაური,65,ზედა თხილნარის,2101,2586
ხელვაჩაური,65,ზედა ჩხუტუნეთის,2102,2605
ხელვაჩაური,65,ზემო ახალშენის,2103,2585
ხელვაჩაური,65,ზემო წინსვლის,2104,2587
ხელვაჩაური,65,თხილნარის,2105,4215
ხელვაჩაური,65,თხილნარის 1,2106,2588
ხელვაჩაური,65,თხილნარის 2,2107,2589
ხელვაჩაური,65,კირნათის,2108,2591
ხელვაჩაური,65,მარადიდის,2109,2592
ხელვაჩაური,65,მატათა მოციქულის,2110,
ხელვაჩაური,65,მახვილაურის,2111,2593
ხელვაჩაური,65,მახინჯაურის,2112,
ხელვაჩაური,65,სალიბაურის 1,2113,2595
ხელვაჩაური,65,სალიბაურის 2,2114,2596
ხელვაჩაური,65,საჩინოს,2115,4217
ხელვაჩაური,65,უჩხითის,2116,4218
ხელვაჩაური,65,ფერიის,2117,2598
ხელვაჩაური,65,ფურტიოს,2118,4219
ხელვაჩაური,65,ქედის,2119,2599
ხელვაჩაური,65,ქედქედის,2120,2599
ხელვაჩაური,65,ქვემო მახოს,2121,2601
ხელვაჩაური,65,ყოროლისთავის,2122,2602
ხელვაჩაური,65,ჩელტის,2123,4221
ხელვაჩაური,65,ჩიქუნეთის,2124,2604
ხელვაჩაური,65,ჩხუტუნეთის,2125,2605
ხელვაჩაური,65,წინსვლის,2126,
ხელვაჩაური,65,ჭარნალის,2127,2607
ხობი,66,1,2128,1233
ხობი,66,2,2129,1248
ხობი,66,3,2130,
ხობი,66,არეა,2131,1250
ხობი,66,ახალი ხიბულის 1,2132,1246
ხობი,66,ახალი ხიბულის 2,2133,1244
ხობი,66,ახალსოფლის,2134,1247
ხობი,66,ბიის,2135,1249
ხობი,66,გურიფულის,2136,1235
ხობი,66,ზემო ქვალონის,2137,1239
ხობი,66,თორსის,2138,4223
ხობი,66,მეორე გურიფულის,2139,
ხობი,66,ნოჯიხევის,2140,
ხობი,66,ნოჯიხევის 1,2141,1240
ხობი,66,ნოჯიხევის 2,2142,1229
ხობი,66,პატარა ფოთის,2143,1241
ხობი,66,პირველი მაისის,2144,1228
ხობი,66,პირველი ხორგის,2145,
ხობი,66,საბაზო,2146,4226
ხობი,66,საჯიჯაოს 1,2147,1243
ხობი,66,ქარიატის,2148,1236
ხობი,66,ქვედა ქვალონის 1,2149,
ხობი,66,ქვემო ქვალონის 1,2150,1225
ხობი,66,ქვემო ქვალონის 2,2151,1242
ხობი,66,ყულევის,2152,1227
ხობი,66,შავღელის,2153,1245
ხობი,66,შუა ხორგის,2154,1230
ხობი,66,ძველი ხიბულის,2155,1232
ხობი,66,ჭალადიდის,2156,1231
ხობი,66,ხამისკურის,2157,1234
ხობი,66,ხობის,2158,1237
ხონი,67,1,2159,1437
ხონი,67,2,2160,1435
ხონი,67,3,2161,1438
ხონი,67,4,2162,1436
ხონი,67,ახალბედისეულის,2163,1417
ხონი,67,ახალშენის,2164,1427
ხონი,67,გიმნაზია,2165,
ხონი,67,გორდის,2166,1419
ხონი,67,გუბის,2167,1429
ხონი,67,დედალაურის,2168,1418
ხონი,67,დიდი კუხის,2169,1524
ხონი,67,ივანდიდის,2170,1430
ხონი,67,კონტუათის,2171,1431
ხონი,67,კუხის,2172,
ხონი,67,ლუკა ჩომახიძის,2173,
ხონი,67,მათხოჯის,2174,1516
ხონი,67,მალხაზ აბაშიძის,2175,
ხონი,67,ნამაშევის,2176,1421
ხონი,67,ნახახულევის,2177,1434
ხონი,67,პატარა ჯიხაიშის,2178,1422
ხონი,67,როხის,2179,4230
ხონი,67,საწულუკიძეოს,2180,1424
ხონი,67,სუხჩის,2181,1425
ხონი,67,ტექნიკური შემოქმედების გიმნაზია,2182,1441
ხონი,67,ქუტირის,2183,1439
ხონი,67,ჩაის მეურნეობის,2184,1416
ხონი,67,ძეძილეთის,2185,1426
ხონი,67,წითელვარსკვლავის,2186,4232
ხონი,67,ხიდის,2187,1440
ხონი,67,ხონის,2188,
ხულო,68,ბოძაურის,2189,2614
ხულო,68,გორგაძეების,2190,2618
ხულო,68,დიდაჭარის,2191,2622
ხულო,68,დიოკნისის,2192,2621
ხულო,68,ზემო ვაშლოვნის,2193,
ხულო,68,თაგოს,2194,2627
ხულო,68,ირემაძეების,2195,2629
ხულო,68,მანიაკეთის,2196,2633
ხულო,68,ტბელ აბუსერიძის,2197,
ხულო,68,ტუნაძეების,2198,2645
ხულო,68,ფაჩხის,2199,
ხულო,68,ქედლების,2200,2649
ხულო,68,ქვემო ვაშლოვნის,2201,2650
ხულო,68,ჩაოს,2202,2655
ხულო,68,წაბლანის,2203,2658
